source_id,country_code,country_name,indicator,year,value_percent,status
ABW:SH.H2O.BASW.UR.ZS:2024,ABW,Aruba,SH.H2O.BASW.UR.ZS,2024,,missing
ABW:SH.H2O.SMDW.UR.ZS:2024,ABW,Aruba,SH.H2O.SMDW.UR.ZS,2024,,missing
AFG:SH.H2O.BASW.UR.ZS:2024,AFG,Afghanistan,SH.H2O.BASW.UR.ZS,2024,96.8908828888889,country_urban_estimate
AFG:SH.H2O.SMDW.UR.ZS:2024,AFG,Afghanistan,SH.H2O.SMDW.UR.ZS,2024,36.38141,country_urban_estimate
AGO:SH.H2O.BASW.UR.ZS:2024,AGO,Angola,SH.H2O.BASW.UR.ZS,2024,81.7269712752887,country_urban_estimate
AGO:SH.H2O.SMDW.UR.ZS:2024,AGO,Angola,SH.H2O.SMDW.UR.ZS,2024,,missing
ALB:SH.H2O.BASW.UR.ZS:2024,ALB,Albania,SH.H2O.BASW.UR.ZS,2024,95.6638091167437,country_urban_estimate
ALB:SH.H2O.SMDW.UR.ZS:2024,ALB,Albania,SH.H2O.SMDW.UR.ZS,2024,,missing
AND:SH.H2O.BASW.UR.ZS:2024,AND,Andorra,SH.H2O.BASW.UR.ZS,2024,100,country_urban_estimate
AND:SH.H2O.SMDW.UR.ZS:2024,AND,Andorra,SH.H2O.SMDW.UR.ZS,2024,,missing
ARE:SH.H2O.BASW.UR.ZS:2024,ARE,United Arab Emirates,SH.H2O.BASW.UR.ZS,2024,100,country_urban_estimate
ARE:SH.H2O.SMDW.UR.ZS:2024,ARE,United Arab Emirates,SH.H2O.SMDW.UR.ZS,2024,,missing
ARG:SH.H2O.BASW.UR.ZS:2024,ARG,Argentina,SH.H2O.BASW.UR.ZS,2024,99.8173132584821,country_urban_estimate
ARG:SH.H2O.SMDW.UR.ZS:2024,ARG,Argentina,SH.H2O.SMDW.UR.ZS,2024,,missing
ARM:SH.H2O.BASW.UR.ZS:2024,ARM,Armenia,SH.H2O.BASW.UR.ZS,2024,99.892964536074,country_urban_estimate
ARM:SH.H2O.SMDW.UR.ZS:2024,ARM,Armenia,SH.H2O.SMDW.UR.ZS,2024,,missing
ASM:SH.H2O.BASW.UR.ZS:2024,ASM,American Samoa,SH.H2O.BASW.UR.ZS,2024,,missing
ASM:SH.H2O.SMDW.UR.ZS:2024,ASM,American Samoa,SH.H2O.SMDW.UR.ZS,2024,,missing
ATG:SH.H2O.BASW.UR.ZS:2024,ATG,Antigua and Barbuda,SH.H2O.BASW.UR.ZS,2024,98.736251536324,country_urban_estimate
ATG:SH.H2O.SMDW.UR.ZS:2024,ATG,Antigua and Barbuda,SH.H2O.SMDW.UR.ZS,2024,,missing
AUS:SH.H2O.BASW.UR.ZS:2024,AUS,Australia,SH.H2O.BASW.UR.ZS,2024,99.965,country_urban_estimate
AUS:SH.H2O.SMDW.UR.ZS:2024,AUS,Australia,SH.H2O.SMDW.UR.ZS,2024,99.6450938533748,country_urban_estimate
AUT:SH.H2O.BASW.UR.ZS:2024,AUT,Austria,SH.H2O.BASW.UR.ZS,2024,100,country_urban_estimate
AUT:SH.H2O.SMDW.UR.ZS:2024,AUT,Austria,SH.H2O.SMDW.UR.ZS,2024,,missing
AZE:SH.H2O.BASW.UR.ZS:2024,AZE,Azerbaijan,SH.H2O.BASW.UR.ZS,2024,99.8266554607509,country_urban_estimate
AZE:SH.H2O.SMDW.UR.ZS:2024,AZE,Azerbaijan,SH.H2O.SMDW.UR.ZS,2024,76.52826,country_urban_estimate
BDI:SH.H2O.BASW.UR.ZS:2024,BDI,Burundi,SH.H2O.BASW.UR.ZS,2024,91.2165479096286,country_urban_estimate
BDI:SH.H2O.SMDW.UR.ZS:2024,BDI,Burundi,SH.H2O.SMDW.UR.ZS,2024,,missing
BEL:SH.H2O.BASW.UR.ZS:2024,BEL,Belgium,SH.H2O.BASW.UR.ZS,2024,100,country_urban_estimate
BEL:SH.H2O.SMDW.UR.ZS:2024,BEL,Belgium,SH.H2O.SMDW.UR.ZS,2024,,missing
BEN:SH.H2O.BASW.UR.ZS:2024,BEN,Benin,SH.H2O.BASW.UR.ZS,2024,75.8969300384567,country_urban_estimate
BEN:SH.H2O.SMDW.UR.ZS:2024,BEN,Benin,SH.H2O.SMDW.UR.ZS,2024,28.4416738983347,country_urban_estimate
BFA:SH.H2O.BASW.UR.ZS:2024,BFA,Burkina Faso,SH.H2O.BASW.UR.ZS,2024,81.4902629036794,country_urban_estimate
BFA:SH.H2O.SMDW.UR.ZS:2024,BFA,Burkina Faso,SH.H2O.SMDW.UR.ZS,2024,,missing
BGD:SH.H2O.BASW.UR.ZS:2024,BGD,Bangladesh,SH.H2O.BASW.UR.ZS,2024,98.7642196349346,country_urban_estimate
BGD:SH.H2O.SMDW.UR.ZS:2024,BGD,Bangladesh,SH.H2O.SMDW.UR.ZS,2024,54.3073761347489,country_urban_estimate
BGR:SH.H2O.BASW.UR.ZS:2024,BGR,Bulgaria,SH.H2O.BASW.UR.ZS,2024,99.68596177618,country_urban_estimate
BGR:SH.H2O.SMDW.UR.ZS:2024,BGR,Bulgaria,SH.H2O.SMDW.UR.ZS,2024,,missing
BHR:SH.H2O.BASW.UR.ZS:2024,BHR,Bahrain,SH.H2O.BASW.UR.ZS,2024,,missing
BHR:SH.H2O.SMDW.UR.ZS:2024,BHR,Bahrain,SH.H2O.SMDW.UR.ZS,2024,,missing
BHS:SH.H2O.BASW.UR.ZS:2024,BHS,"Bahamas, The",SH.H2O.BASW.UR.ZS,2024,,missing
BHS:SH.H2O.SMDW.UR.ZS:2024,BHS,"Bahamas, The",SH.H2O.SMDW.UR.ZS,2024,,missing
BIH:SH.H2O.BASW.UR.ZS:2024,BIH,Bosnia and Herzegovina,SH.H2O.BASW.UR.ZS,2024,94.8760910019556,country_urban_estimate
BIH:SH.H2O.SMDW.UR.ZS:2024,BIH,Bosnia and Herzegovina,SH.H2O.SMDW.UR.ZS,2024,,missing
BLR:SH.H2O.BASW.UR.ZS:2024,BLR,Belarus,SH.H2O.BASW.UR.ZS,2024,99.8948360590017,country_urban_estimate
BLR:SH.H2O.SMDW.UR.ZS:2024,BLR,Belarus,SH.H2O.SMDW.UR.ZS,2024,,missing
BLZ:SH.H2O.BASW.UR.ZS:2024,BLZ,Belize,SH.H2O.BASW.UR.ZS,2024,98.87896,country_urban_estimate
BLZ:SH.H2O.SMDW.UR.ZS:2024,BLZ,Belize,SH.H2O.SMDW.UR.ZS,2024,,missing
BMU:SH.H2O.BASW.UR.ZS:2024,BMU,Bermuda,SH.H2O.BASW.UR.ZS,2024,100,country_urban_estimate
BMU:SH.H2O.SMDW.UR.ZS:2024,BMU,Bermuda,SH.H2O.SMDW.UR.ZS,2024,,missing
BOL:SH.H2O.BASW.UR.ZS:2024,BOL,Bolivia,SH.H2O.BASW.UR.ZS,2024,99.2143561459865,country_urban_estimate
BOL:SH.H2O.SMDW.UR.ZS:2024,BOL,Bolivia,SH.H2O.SMDW.UR.ZS,2024,,missing
BRA:SH.H2O.BASW.UR.ZS:2024,BRA,Brazil,SH.H2O.BASW.UR.ZS,2024,100,country_urban_estimate
BRA:SH.H2O.SMDW.UR.ZS:2024,BRA,Brazil,SH.H2O.SMDW.UR.ZS,2024,90.6646676125406,country_urban_estimate
BRB:SH.H2O.BASW.UR.ZS:2024,BRB,Barbados,SH.H2O.BASW.UR.ZS,2024,,missing
BRB:SH.H2O.SMDW.UR.ZS:2024,BRB,Barbados,SH.H2O.SMDW.UR.ZS,2024,,missing
BRN:SH.H2O.BASW.UR.ZS:2024,BRN,Brunei Darussalam,SH.H2O.BASW.UR.ZS,2024,,missing
BRN:SH.H2O.SMDW.UR.ZS:2024,BRN,Brunei Darussalam,SH.H2O.SMDW.UR.ZS,2024,,missing
BTN:SH.H2O.BASW.UR.ZS:2024,BTN,Bhutan,SH.H2O.BASW.UR.ZS,2024,99.8458659786034,country_urban_estimate
BTN:SH.H2O.SMDW.UR.ZS:2024,BTN,Bhutan,SH.H2O.SMDW.UR.ZS,2024,61.5056647953818,country_urban_estimate
BWA:SH.H2O.BASW.UR.ZS:2024,BWA,Botswana,SH.H2O.BASW.UR.ZS,2024,96.7797704668313,country_urban_estimate
BWA:SH.H2O.SMDW.UR.ZS:2024,BWA,Botswana,SH.H2O.SMDW.UR.ZS,2024,68.87946435101,country_urban_estimate
CAF:SH.H2O.BASW.UR.ZS:2024,CAF,Central African Republic,SH.H2O.BASW.UR.ZS,2024,48.0642368390066,country_urban_estimate
CAF:SH.H2O.SMDW.UR.ZS:2024,CAF,Central African Republic,SH.H2O.SMDW.UR.ZS,2024,11.2536804500617,country_urban_estimate
CAN:SH.H2O.BASW.UR.ZS:2024,CAN,Canada,SH.H2O.BASW.UR.ZS,2024,98.2532478606719,country_urban_estimate
CAN:SH.H2O.SMDW.UR.ZS:2024,CAN,Canada,SH.H2O.SMDW.UR.ZS,2024,,missing
CHE:SH.H2O.BASW.UR.ZS:2024,CHE,Switzerland,SH.H2O.BASW.UR.ZS,2024,100,country_urban_estimate
CHE:SH.H2O.SMDW.UR.ZS:2024,CHE,Switzerland,SH.H2O.SMDW.UR.ZS,2024,,missing
CHI:SH.H2O.BASW.UR.ZS:2024,CHI,Channel Islands,SH.H2O.BASW.UR.ZS,2024,,missing
CHI:SH.H2O.SMDW.UR.ZS:2024,CHI,Channel Islands,SH.H2O.SMDW.UR.ZS,2024,,missing
CHL:SH.H2O.BASW.UR.ZS:2024,CHL,Chile,SH.H2O.BASW.UR.ZS,2024,99.8196489618056,country_urban_estimate
CHL:SH.H2O.SMDW.UR.ZS:2024,CHL,Chile,SH.H2O.SMDW.UR.ZS,2024,99.2425127668614,country_urban_estimate
CHN:SH.H2O.BASW.UR.ZS:2024,CHN,China,SH.H2O.BASW.UR.ZS,2024,97.3278208489958,country_urban_estimate
CHN:SH.H2O.SMDW.UR.ZS:2024,CHN,China,SH.H2O.SMDW.UR.ZS,2024,96.4322239941542,country_urban_estimate
CIV:SH.H2O.BASW.UR.ZS:2024,CIV,Cote d'Ivoire,SH.H2O.BASW.UR.ZS,2024,88.7378164354012,country_urban_estimate
CIV:SH.H2O.SMDW.UR.ZS:2024,CIV,Cote d'Ivoire,SH.H2O.SMDW.UR.ZS,2024,51.4550208220885,country_urban_estimate
CMR:SH.H2O.BASW.UR.ZS:2024,CMR,Cameroon,SH.H2O.BASW.UR.ZS,2024,81.562775658379,country_urban_estimate
CMR:SH.H2O.SMDW.UR.ZS:2024,CMR,Cameroon,SH.H2O.SMDW.UR.ZS,2024,,missing
COD:SH.H2O.BASW.UR.ZS:2024,COD,"Congo, Dem. Rep.",SH.H2O.BASW.UR.ZS,2024,59.30889560734,country_urban_estimate
COD:SH.H2O.SMDW.UR.ZS:2024,COD,"Congo, Dem. Rep.",SH.H2O.SMDW.UR.ZS,2024,24.1514518785165,country_urban_estimate
COG:SH.H2O.BASW.UR.ZS:2024,COG,"Congo, Rep.",SH.H2O.BASW.UR.ZS,2024,,missing
COG:SH.H2O.SMDW.UR.ZS:2024,COG,"Congo, Rep.",SH.H2O.SMDW.UR.ZS,2024,,missing
COL:SH.H2O.BASW.UR.ZS:2024,COL,Colombia,SH.H2O.BASW.UR.ZS,2024,99.9146394731801,country_urban_estimate
COL:SH.H2O.SMDW.UR.ZS:2024,COL,Colombia,SH.H2O.SMDW.UR.ZS,2024,81.8116830210857,country_urban_estimate
COM:SH.H2O.BASW.UR.ZS:2024,COM,Comoros,SH.H2O.BASW.UR.ZS,2024,89.9313559730554,country_urban_estimate
COM:SH.H2O.SMDW.UR.ZS:2024,COM,Comoros,SH.H2O.SMDW.UR.ZS,2024,,missing
CPV:SH.H2O.BASW.UR.ZS:2024,CPV,Cabo Verde,SH.H2O.BASW.UR.ZS,2024,95.0817169742647,country_urban_estimate
CPV:SH.H2O.SMDW.UR.ZS:2024,CPV,Cabo Verde,SH.H2O.SMDW.UR.ZS,2024,,missing
CRI:SH.H2O.BASW.UR.ZS:2024,CRI,Costa Rica,SH.H2O.BASW.UR.ZS,2024,99.8496528571429,country_urban_estimate
CRI:SH.H2O.SMDW.UR.ZS:2024,CRI,Costa Rica,SH.H2O.SMDW.UR.ZS,2024,80.38785,country_urban_estimate
CUB:SH.H2O.BASW.UR.ZS:2024,CUB,Cuba,SH.H2O.BASW.UR.ZS,2024,96.0828426146925,country_urban_estimate
CUB:SH.H2O.SMDW.UR.ZS:2024,CUB,Cuba,SH.H2O.SMDW.UR.ZS,2024,,missing
CUW:SH.H2O.BASW.UR.ZS:2024,CUW,Curacao,SH.H2O.BASW.UR.ZS,2024,,missing
CUW:SH.H2O.SMDW.UR.ZS:2024,CUW,Curacao,SH.H2O.SMDW.UR.ZS,2024,,missing
CYM:SH.H2O.BASW.UR.ZS:2024,CYM,Cayman Islands,SH.H2O.BASW.UR.ZS,2024,95.4601226993865,country_urban_estimate
CYM:SH.H2O.SMDW.UR.ZS:2024,CYM,Cayman Islands,SH.H2O.SMDW.UR.ZS,2024,,missing
CYP:SH.H2O.BASW.UR.ZS:2024,CYP,Cyprus,SH.H2O.BASW.UR.ZS,2024,99.7322520261767,country_urban_estimate
CYP:SH.H2O.SMDW.UR.ZS:2024,CYP,Cyprus,SH.H2O.SMDW.UR.ZS,2024,,missing
CZE:SH.H2O.BASW.UR.ZS:2024,CZE,Czechia,SH.H2O.BASW.UR.ZS,2024,98.8076459666153,country_urban_estimate
CZE:SH.H2O.SMDW.UR.ZS:2024,CZE,Czechia,SH.H2O.SMDW.UR.ZS,2024,98.0191909752261,country_urban_estimate
DEU:SH.H2O.BASW.UR.ZS:2024,DEU,Germany,SH.H2O.BASW.UR.ZS,2024,100,country_urban_estimate
DEU:SH.H2O.SMDW.UR.ZS:2024,DEU,Germany,SH.H2O.SMDW.UR.ZS,2024,99.9962365596371,country_urban_estimate
DJI:SH.H2O.BASW.UR.ZS:2024,DJI,Djibouti,SH.H2O.BASW.UR.ZS,2024,84.3001679781033,country_urban_estimate
DJI:SH.H2O.SMDW.UR.ZS:2024,DJI,Djibouti,SH.H2O.SMDW.UR.ZS,2024,,missing
DMA:SH.H2O.BASW.UR.ZS:2024,DMA,Dominica,SH.H2O.BASW.UR.ZS,2024,97.138675389306,country_urban_estimate
DMA:SH.H2O.SMDW.UR.ZS:2024,DMA,Dominica,SH.H2O.SMDW.UR.ZS,2024,,missing
DNK:SH.H2O.BASW.UR.ZS:2024,DNK,Denmark,SH.H2O.BASW.UR.ZS,2024,100,country_urban_estimate
DNK:SH.H2O.SMDW.UR.ZS:2024,DNK,Denmark,SH.H2O.SMDW.UR.ZS,2024,,missing
DOM:SH.H2O.BASW.UR.ZS:2024,DOM,Dominican Republic,SH.H2O.BASW.UR.ZS,2024,97.922869327823,country_urban_estimate
DOM:SH.H2O.SMDW.UR.ZS:2024,DOM,Dominican Republic,SH.H2O.SMDW.UR.ZS,2024,46.946581557844,country_urban_estimate
DZA:SH.H2O.BASW.UR.ZS:2024,DZA,Algeria,SH.H2O.BASW.UR.ZS,2024,94.8142149023125,country_urban_estimate
DZA:SH.H2O.SMDW.UR.ZS:2024,DZA,Algeria,SH.H2O.SMDW.UR.ZS,2024,72.1270195726376,country_urban_estimate
ECU:SH.H2O.BASW.UR.ZS:2024,ECU,Ecuador,SH.H2O.BASW.UR.ZS,2024,97.8176453614458,country_urban_estimate
ECU:SH.H2O.SMDW.UR.ZS:2024,ECU,Ecuador,SH.H2O.SMDW.UR.ZS,2024,82.3545435135136,country_urban_estimate
EGY:SH.H2O.BASW.UR.ZS:2024,EGY,"Egypt, Arab Rep.",SH.H2O.BASW.UR.ZS,2024,98.6498842153275,country_urban_estimate
EGY:SH.H2O.SMDW.UR.ZS:2024,EGY,"Egypt, Arab Rep.",SH.H2O.SMDW.UR.ZS,2024,,missing
ERI:SH.H2O.BASW.UR.ZS:2024,ERI,Eritrea,SH.H2O.BASW.UR.ZS,2024,,missing
ERI:SH.H2O.SMDW.UR.ZS:2024,ERI,Eritrea,SH.H2O.SMDW.UR.ZS,2024,,missing
ESP:SH.H2O.BASW.UR.ZS:2024,ESP,Spain,SH.H2O.BASW.UR.ZS,2024,99.9079452054795,country_urban_estimate
ESP:SH.H2O.SMDW.UR.ZS:2024,ESP,Spain,SH.H2O.SMDW.UR.ZS,2024,99.6500004188245,country_urban_estimate
EST:SH.H2O.BASW.UR.ZS:2024,EST,Estonia,SH.H2O.BASW.UR.ZS,2024,100,country_urban_estimate
EST:SH.H2O.SMDW.UR.ZS:2024,EST,Estonia,SH.H2O.SMDW.UR.ZS,2024,,missing
ETH:SH.H2O.BASW.UR.ZS:2024,ETH,Ethiopia,SH.H2O.BASW.UR.ZS,2024,83.4762622939379,country_urban_estimate
ETH:SH.H2O.SMDW.UR.ZS:2024,ETH,Ethiopia,SH.H2O.SMDW.UR.ZS,2024,38.3948190475521,country_urban_estimate
FIN:SH.H2O.BASW.UR.ZS:2024,FIN,Finland,SH.H2O.BASW.UR.ZS,2024,100,country_urban_estimate
FIN:SH.H2O.SMDW.UR.ZS:2024,FIN,Finland,SH.H2O.SMDW.UR.ZS,2024,,missing
FJI:SH.H2O.BASW.UR.ZS:2024,FJI,Fiji,SH.H2O.BASW.UR.ZS,2024,98.6786289072651,country_urban_estimate
FJI:SH.H2O.SMDW.UR.ZS:2024,FJI,Fiji,SH.H2O.SMDW.UR.ZS,2024,52.5280167699589,country_urban_estimate
FRA:SH.H2O.BASW.UR.ZS:2024,FRA,France,SH.H2O.BASW.UR.ZS,2024,100,country_urban_estimate
FRA:SH.H2O.SMDW.UR.ZS:2024,FRA,France,SH.H2O.SMDW.UR.ZS,2024,100,country_urban_estimate
FRO:SH.H2O.BASW.UR.ZS:2024,FRO,Faroe Islands,SH.H2O.BASW.UR.ZS,2024,,missing
FRO:SH.H2O.SMDW.UR.ZS:2024,FRO,Faroe Islands,SH.H2O.SMDW.UR.ZS,2024,,missing
FSM:SH.H2O.BASW.UR.ZS:2024,FSM,"Micronesia, Fed. Sts.",SH.H2O.BASW.UR.ZS,2024,,missing
FSM:SH.H2O.SMDW.UR.ZS:2024,FSM,"Micronesia, Fed. Sts.",SH.H2O.SMDW.UR.ZS,2024,,missing
GAB:SH.H2O.BASW.UR.ZS:2024,GAB,Gabon,SH.H2O.BASW.UR.ZS,2024,92.3594178754568,country_urban_estimate
GAB:SH.H2O.SMDW.UR.ZS:2024,GAB,Gabon,SH.H2O.SMDW.UR.ZS,2024,,missing
GBR:SH.H2O.BASW.UR.ZS:2024,GBR,United Kingdom,SH.H2O.BASW.UR.ZS,2024,100,country_urban_estimate
GBR:SH.H2O.SMDW.UR.ZS:2024,GBR,United Kingdom,SH.H2O.SMDW.UR.ZS,2024,,missing
GEO:SH.H2O.BASW.UR.ZS:2024,GEO,Georgia,SH.H2O.BASW.UR.ZS,2024,99.577340811448,country_urban_estimate
GEO:SH.H2O.SMDW.UR.ZS:2024,GEO,Georgia,SH.H2O.SMDW.UR.ZS,2024,89.3094931422944,country_urban_estimate
GHA:SH.H2O.BASW.UR.ZS:2024,GHA,Ghana,SH.H2O.BASW.UR.ZS,2024,99.0754116388805,country_urban_estimate
GHA:SH.H2O.SMDW.UR.ZS:2024,GHA,Ghana,SH.H2O.SMDW.UR.ZS,2024,60.2323296496847,country_urban_estimate
GIB:SH.H2O.BASW.UR.ZS:2024,GIB,Gibraltar,SH.H2O.BASW.UR.ZS,2024,100,country_urban_estimate
GIB:SH.H2O.SMDW.UR.ZS:2024,GIB,Gibraltar,SH.H2O.SMDW.UR.ZS,2024,100,country_urban_estimate
GIN:SH.H2O.BASW.UR.ZS:2024,GIN,Guinea,SH.H2O.BASW.UR.ZS,2024,93.2594907170825,country_urban_estimate
GIN:SH.H2O.SMDW.UR.ZS:2024,GIN,Guinea,SH.H2O.SMDW.UR.ZS,2024,,missing
GMB:SH.H2O.BASW.UR.ZS:2024,GMB,"Gambia, The",SH.H2O.BASW.UR.ZS,2024,91.773954119589,country_urban_estimate
GMB:SH.H2O.SMDW.UR.ZS:2024,GMB,"Gambia, The",SH.H2O.SMDW.UR.ZS,2024,68.4310986047571,country_urban_estimate
GNB:SH.H2O.BASW.UR.ZS:2024,GNB,Guinea-Bissau,SH.H2O.BASW.UR.ZS,2024,72.6893247351766,country_urban_estimate
GNB:SH.H2O.SMDW.UR.ZS:2024,GNB,Guinea-Bissau,SH.H2O.SMDW.UR.ZS,2024,36.0839675688863,country_urban_estimate
GNQ:SH.H2O.BASW.UR.ZS:2024,GNQ,Equatorial Guinea,SH.H2O.BASW.UR.ZS,2024,,missing
GNQ:SH.H2O.SMDW.UR.ZS:2024,GNQ,Equatorial Guinea,SH.H2O.SMDW.UR.ZS,2024,,missing
GRC:SH.H2O.BASW.UR.ZS:2024,GRC,Greece,SH.H2O.BASW.UR.ZS,2024,100,country_urban_estimate
GRC:SH.H2O.SMDW.UR.ZS:2024,GRC,Greece,SH.H2O.SMDW.UR.ZS,2024,,missing
GRD:SH.H2O.BASW.UR.ZS:2024,GRD,Grenada,SH.H2O.BASW.UR.ZS,2024,,missing
GRD:SH.H2O.SMDW.UR.ZS:2024,GRD,Grenada,SH.H2O.SMDW.UR.ZS,2024,,missing
GRL:SH.H2O.BASW.UR.ZS:2024,GRL,Greenland,SH.H2O.BASW.UR.ZS,2024,,missing
GRL:SH.H2O.SMDW.UR.ZS:2024,GRL,Greenland,SH.H2O.SMDW.UR.ZS,2024,,missing
GTM:SH.H2O.BASW.UR.ZS:2024,GTM,Guatemala,SH.H2O.BASW.UR.ZS,2024,96.6777935468487,country_urban_estimate
GTM:SH.H2O.SMDW.UR.ZS:2024,GTM,Guatemala,SH.H2O.SMDW.UR.ZS,2024,51.7161783523718,country_urban_estimate
GUM:SH.H2O.BASW.UR.ZS:2024,GUM,Guam,SH.H2O.BASW.UR.ZS,2024,,missing
GUM:SH.H2O.SMDW.UR.ZS:2024,GUM,Guam,SH.H2O.SMDW.UR.ZS,2024,,missing
GUY:SH.H2O.BASW.UR.ZS:2024,GUY,Guyana,SH.H2O.BASW.UR.ZS,2024,95.4791569543217,country_urban_estimate
GUY:SH.H2O.SMDW.UR.ZS:2024,GUY,Guyana,SH.H2O.SMDW.UR.ZS,2024,76.0401698472017,country_urban_estimate
HKG:SH.H2O.BASW.UR.ZS:2024,HKG,"Hong Kong SAR, China",SH.H2O.BASW.UR.ZS,2024,100,country_urban_estimate
HKG:SH.H2O.SMDW.UR.ZS:2024,HKG,"Hong Kong SAR, China",SH.H2O.SMDW.UR.ZS,2024,100,country_urban_estimate
HND:SH.H2O.BASW.UR.ZS:2024,HND,Honduras,SH.H2O.BASW.UR.ZS,2024,99.2164936563071,country_urban_estimate
HND:SH.H2O.SMDW.UR.ZS:2024,HND,Honduras,SH.H2O.SMDW.UR.ZS,2024,78.43548,country_urban_estimate
HRV:SH.H2O.BASW.UR.ZS:2024,HRV,Croatia,SH.H2O.BASW.UR.ZS,2024,99.9387,country_urban_estimate
HRV:SH.H2O.SMDW.UR.ZS:2024,HRV,Croatia,SH.H2O.SMDW.UR.ZS,2024,96.48144059994,country_urban_estimate
HTI:SH.H2O.BASW.UR.ZS:2024,HTI,Haiti,SH.H2O.BASW.UR.ZS,2024,85.4523037961085,country_urban_estimate
HTI:SH.H2O.SMDW.UR.ZS:2024,HTI,Haiti,SH.H2O.SMDW.UR.ZS,2024,,missing
HUN:SH.H2O.BASW.UR.ZS:2024,HUN,Hungary,SH.H2O.BASW.UR.ZS,2024,100,country_urban_estimate
HUN:SH.H2O.SMDW.UR.ZS:2024,HUN,Hungary,SH.H2O.SMDW.UR.ZS,2024,100,country_urban_estimate
IDN:SH.H2O.BASW.UR.ZS:2024,IDN,Indonesia,SH.H2O.BASW.UR.ZS,2024,94.9595852076774,country_urban_estimate
IDN:SH.H2O.SMDW.UR.ZS:2024,IDN,Indonesia,SH.H2O.SMDW.UR.ZS,2024,34.6631958199168,country_urban_estimate
IMN:SH.H2O.BASW.UR.ZS:2024,IMN,Isle of Man,SH.H2O.BASW.UR.ZS,2024,,missing
IMN:SH.H2O.SMDW.UR.ZS:2024,IMN,Isle of Man,SH.H2O.SMDW.UR.ZS,2024,,missing
IND:SH.H2O.BASW.UR.ZS:2024,IND,India,SH.H2O.BASW.UR.ZS,2024,97.117812802765,country_urban_estimate
IND:SH.H2O.SMDW.UR.ZS:2024,IND,India,SH.H2O.SMDW.UR.ZS,2024,82.9746763041121,country_urban_estimate
IRL:SH.H2O.BASW.UR.ZS:2024,IRL,Ireland,SH.H2O.BASW.UR.ZS,2024,96.6200897109789,country_urban_estimate
IRL:SH.H2O.SMDW.UR.ZS:2024,IRL,Ireland,SH.H2O.SMDW.UR.ZS,2024,96.1181222204452,country_urban_estimate
IRN:SH.H2O.BASW.UR.ZS:2024,IRN,"Iran, Islamic Rep.",SH.H2O.BASW.UR.ZS,2024,98.7306688805076,country_urban_estimate
IRN:SH.H2O.SMDW.UR.ZS:2024,IRN,"Iran, Islamic Rep.",SH.H2O.SMDW.UR.ZS,2024,96.2326760437373,country_urban_estimate
IRQ:SH.H2O.BASW.UR.ZS:2024,IRQ,Iraq,SH.H2O.BASW.UR.ZS,2024,99.8087310300429,country_urban_estimate
IRQ:SH.H2O.SMDW.UR.ZS:2024,IRQ,Iraq,SH.H2O.SMDW.UR.ZS,2024,64.6,country_urban_estimate
ISL:SH.H2O.BASW.UR.ZS:2024,ISL,Iceland,SH.H2O.BASW.UR.ZS,2024,100,country_urban_estimate
ISL:SH.H2O.SMDW.UR.ZS:2024,ISL,Iceland,SH.H2O.SMDW.UR.ZS,2024,,missing
ISR:SH.H2O.BASW.UR.ZS:2024,ISR,Israel,SH.H2O.BASW.UR.ZS,2024,100,country_urban_estimate
ISR:SH.H2O.SMDW.UR.ZS:2024,ISR,Israel,SH.H2O.SMDW.UR.ZS,2024,99.4670890041813,country_urban_estimate
ITA:SH.H2O.BASW.UR.ZS:2024,ITA,Italy,SH.H2O.BASW.UR.ZS,2024,,missing
ITA:SH.H2O.SMDW.UR.ZS:2024,ITA,Italy,SH.H2O.SMDW.UR.ZS,2024,,missing
JAM:SH.H2O.BASW.UR.ZS:2024,JAM,Jamaica,SH.H2O.BASW.UR.ZS,2024,90.0899337654479,country_urban_estimate
JAM:SH.H2O.SMDW.UR.ZS:2024,JAM,Jamaica,SH.H2O.SMDW.UR.ZS,2024,,missing
JOR:SH.H2O.BASW.UR.ZS:2024,JOR,Jordan,SH.H2O.BASW.UR.ZS,2024,99.4096876315337,country_urban_estimate
JOR:SH.H2O.SMDW.UR.ZS:2024,JOR,Jordan,SH.H2O.SMDW.UR.ZS,2024,,missing
JPN:SH.H2O.BASW.UR.ZS:2024,JPN,Japan,SH.H2O.BASW.UR.ZS,2024,,missing
JPN:SH.H2O.SMDW.UR.ZS:2024,JPN,Japan,SH.H2O.SMDW.UR.ZS,2024,,missing
KAZ:SH.H2O.BASW.UR.ZS:2024,KAZ,Kazakhstan,SH.H2O.BASW.UR.ZS,2024,98.0007313274336,country_urban_estimate
KAZ:SH.H2O.SMDW.UR.ZS:2024,KAZ,Kazakhstan,SH.H2O.SMDW.UR.ZS,2024,,missing
KEN:SH.H2O.BASW.UR.ZS:2024,KEN,Kenya,SH.H2O.BASW.UR.ZS,2024,88.8872770637778,country_urban_estimate
KEN:SH.H2O.SMDW.UR.ZS:2024,KEN,Kenya,SH.H2O.SMDW.UR.ZS,2024,,missing
KGZ:SH.H2O.BASW.UR.ZS:2024,KGZ,Kyrgyz Republic,SH.H2O.BASW.UR.ZS,2024,99.4852037254902,country_urban_estimate
KGZ:SH.H2O.SMDW.UR.ZS:2024,KGZ,Kyrgyz Republic,SH.H2O.SMDW.UR.ZS,2024,81.0076220000001,country_urban_estimate
KHM:SH.H2O.BASW.UR.ZS:2024,KHM,Cambodia,SH.H2O.BASW.UR.ZS,2024,94.0558590924582,country_urban_estimate
KHM:SH.H2O.SMDW.UR.ZS:2024,KHM,Cambodia,SH.H2O.SMDW.UR.ZS,2024,57.1609229775314,country_urban_estimate
KIR:SH.H2O.BASW.UR.ZS:2024,KIR,Kiribati,SH.H2O.BASW.UR.ZS,2024,90.0300339814837,country_urban_estimate
KIR:SH.H2O.SMDW.UR.ZS:2024,KIR,Kiribati,SH.H2O.SMDW.UR.ZS,2024,20.8731516914067,country_urban_estimate
KNA:SH.H2O.BASW.UR.ZS:2024,KNA,St. Kitts and Nevis,SH.H2O.BASW.UR.ZS,2024,,missing
KNA:SH.H2O.SMDW.UR.ZS:2024,KNA,St. Kitts and Nevis,SH.H2O.SMDW.UR.ZS,2024,,missing
KOR:SH.H2O.BASW.UR.ZS:2024,KOR,"Korea, Rep.",SH.H2O.BASW.UR.ZS,2024,,missing
KOR:SH.H2O.SMDW.UR.ZS:2024,KOR,"Korea, Rep.",SH.H2O.SMDW.UR.ZS,2024,,missing
KWT:SH.H2O.BASW.UR.ZS:2024,KWT,Kuwait,SH.H2O.BASW.UR.ZS,2024,100,country_urban_estimate
KWT:SH.H2O.SMDW.UR.ZS:2024,KWT,Kuwait,SH.H2O.SMDW.UR.ZS,2024,100,country_urban_estimate
LAO:SH.H2O.BASW.UR.ZS:2024,LAO,Lao PDR,SH.H2O.BASW.UR.ZS,2024,100,country_urban_estimate
LAO:SH.H2O.SMDW.UR.ZS:2024,LAO,Lao PDR,SH.H2O.SMDW.UR.ZS,2024,50.8515649999999,country_urban_estimate
LBN:SH.H2O.BASW.UR.ZS:2024,LBN,Lebanon,SH.H2O.BASW.UR.ZS,2024,,missing
LBN:SH.H2O.SMDW.UR.ZS:2024,LBN,Lebanon,SH.H2O.SMDW.UR.ZS,2024,,missing
LBR:SH.H2O.BASW.UR.ZS:2024,LBR,Liberia,SH.H2O.BASW.UR.ZS,2024,86.0421221041642,country_urban_estimate
LBR:SH.H2O.SMDW.UR.ZS:2024,LBR,Liberia,SH.H2O.SMDW.UR.ZS,2024,,missing
LBY:SH.H2O.BASW.UR.ZS:2024,LBY,Libya,SH.H2O.BASW.UR.ZS,2024,,missing
LBY:SH.H2O.SMDW.UR.ZS:2024,LBY,Libya,SH.H2O.SMDW.UR.ZS,2024,,missing
LCA:SH.H2O.BASW.UR.ZS:2024,LCA,St. Lucia,SH.H2O.BASW.UR.ZS,2024,97.4912380517975,country_urban_estimate
LCA:SH.H2O.SMDW.UR.ZS:2024,LCA,St. Lucia,SH.H2O.SMDW.UR.ZS,2024,,missing
LIE:SH.H2O.BASW.UR.ZS:2024,LIE,Liechtenstein,SH.H2O.BASW.UR.ZS,2024,,missing
LIE:SH.H2O.SMDW.UR.ZS:2024,LIE,Liechtenstein,SH.H2O.SMDW.UR.ZS,2024,,missing
LKA:SH.H2O.BASW.UR.ZS:2024,LKA,Sri Lanka,SH.H2O.BASW.UR.ZS,2024,97.6082655590298,country_urban_estimate
LKA:SH.H2O.SMDW.UR.ZS:2024,LKA,Sri Lanka,SH.H2O.SMDW.UR.ZS,2024,80.1076447039462,country_urban_estimate
LSO:SH.H2O.BASW.UR.ZS:2024,LSO,Lesotho,SH.H2O.BASW.UR.ZS,2024,94.7153929373126,country_urban_estimate
LSO:SH.H2O.SMDW.UR.ZS:2024,LSO,Lesotho,SH.H2O.SMDW.UR.ZS,2024,69.3763009097573,country_urban_estimate
LTU:SH.H2O.BASW.UR.ZS:2024,LTU,Lithuania,SH.H2O.BASW.UR.ZS,2024,100,country_urban_estimate
LTU:SH.H2O.SMDW.UR.ZS:2024,LTU,Lithuania,SH.H2O.SMDW.UR.ZS,2024,99.3242989856502,country_urban_estimate
LUX:SH.H2O.BASW.UR.ZS:2024,LUX,Luxembourg,SH.H2O.BASW.UR.ZS,2024,100,country_urban_estimate
LUX:SH.H2O.SMDW.UR.ZS:2024,LUX,Luxembourg,SH.H2O.SMDW.UR.ZS,2024,99.8,country_urban_estimate
LVA:SH.H2O.BASW.UR.ZS:2024,LVA,Latvia,SH.H2O.BASW.UR.ZS,2024,98.8741766020018,country_urban_estimate
LVA:SH.H2O.SMDW.UR.ZS:2024,LVA,Latvia,SH.H2O.SMDW.UR.ZS,2024,,missing
MAC:SH.H2O.BASW.UR.ZS:2024,MAC,"Macao SAR, China",SH.H2O.BASW.UR.ZS,2024,100,country_urban_estimate
MAC:SH.H2O.SMDW.UR.ZS:2024,MAC,"Macao SAR, China",SH.H2O.SMDW.UR.ZS,2024,100,country_urban_estimate
MAF:SH.H2O.BASW.UR.ZS:2024,MAF,St. Martin (French part),SH.H2O.BASW.UR.ZS,2024,99.9229384324588,country_urban_estimate
MAF:SH.H2O.SMDW.UR.ZS:2024,MAF,St. Martin (French part),SH.H2O.SMDW.UR.ZS,2024,96.6254814641877,country_urban_estimate
MAR:SH.H2O.BASW.UR.ZS:2024,MAR,Morocco,SH.H2O.BASW.UR.ZS,2024,98.2722681241138,country_urban_estimate
MAR:SH.H2O.SMDW.UR.ZS:2024,MAR,Morocco,SH.H2O.SMDW.UR.ZS,2024,91.2528056759436,country_urban_estimate
MCO:SH.H2O.BASW.UR.ZS:2024,MCO,Monaco,SH.H2O.BASW.UR.ZS,2024,100,country_urban_estimate
MCO:SH.H2O.SMDW.UR.ZS:2024,MCO,Monaco,SH.H2O.SMDW.UR.ZS,2024,100,country_urban_estimate
MDA:SH.H2O.BASW.UR.ZS:2024,MDA,Moldova,SH.H2O.BASW.UR.ZS,2024,97.8917984673988,country_urban_estimate
MDA:SH.H2O.SMDW.UR.ZS:2024,MDA,Moldova,SH.H2O.SMDW.UR.ZS,2024,,missing
MDG:SH.H2O.BASW.UR.ZS:2024,MDG,Madagascar,SH.H2O.BASW.UR.ZS,2024,78.20707072496,country_urban_estimate
MDG:SH.H2O.SMDW.UR.ZS:2024,MDG,Madagascar,SH.H2O.SMDW.UR.ZS,2024,38.5673352039126,country_urban_estimate
MDV:SH.H2O.BASW.UR.ZS:2024,MDV,Maldives,SH.H2O.BASW.UR.ZS,2024,99.5404583877834,country_urban_estimate
MDV:SH.H2O.SMDW.UR.ZS:2024,MDV,Maldives,SH.H2O.SMDW.UR.ZS,2024,,missing
MEX:SH.H2O.BASW.UR.ZS:2024,MEX,Mexico,SH.H2O.BASW.UR.ZS,2024,100,country_urban_estimate
MEX:SH.H2O.SMDW.UR.ZS:2024,MEX,Mexico,SH.H2O.SMDW.UR.ZS,2024,,missing
MHL:SH.H2O.BASW.UR.ZS:2024,MHL,Marshall Islands,SH.H2O.BASW.UR.ZS,2024,85.7504145000407,country_urban_estimate
MHL:SH.H2O.SMDW.UR.ZS:2024,MHL,Marshall Islands,SH.H2O.SMDW.UR.ZS,2024,,missing
MKD:SH.H2O.BASW.UR.ZS:2024,MKD,North Macedonia,SH.H2O.BASW.UR.ZS,2024,98.2540960117844,country_urban_estimate
MKD:SH.H2O.SMDW.UR.ZS:2024,MKD,North Macedonia,SH.H2O.SMDW.UR.ZS,2024,84.726199677371,country_urban_estimate
MLI:SH.H2O.BASW.UR.ZS:2024,MLI,Mali,SH.H2O.BASW.UR.ZS,2024,93.5186745936745,country_urban_estimate
MLI:SH.H2O.SMDW.UR.ZS:2024,MLI,Mali,SH.H2O.SMDW.UR.ZS,2024,,missing
MLT:SH.H2O.BASW.UR.ZS:2024,MLT,Malta,SH.H2O.BASW.UR.ZS,2024,100,country_urban_estimate
MLT:SH.H2O.SMDW.UR.ZS:2024,MLT,Malta,SH.H2O.SMDW.UR.ZS,2024,,missing
MMR:SH.H2O.BASW.UR.ZS:2024,MMR,Myanmar,SH.H2O.BASW.UR.ZS,2024,96.0019853343513,country_urban_estimate
MMR:SH.H2O.SMDW.UR.ZS:2024,MMR,Myanmar,SH.H2O.SMDW.UR.ZS,2024,74.2095346634535,country_urban_estimate
MNE:SH.H2O.BASW.UR.ZS:2024,MNE,Montenegro,SH.H2O.BASW.UR.ZS,2024,99.191739587156,country_urban_estimate
MNE:SH.H2O.SMDW.UR.ZS:2024,MNE,Montenegro,SH.H2O.SMDW.UR.ZS,2024,87.31913,country_urban_estimate
MNG:SH.H2O.BASW.UR.ZS:2024,MNG,Mongolia,SH.H2O.BASW.UR.ZS,2024,96.1135267667351,country_urban_estimate
MNG:SH.H2O.SMDW.UR.ZS:2024,MNG,Mongolia,SH.H2O.SMDW.UR.ZS,2024,55.4059347196389,country_urban_estimate
MNP:SH.H2O.BASW.UR.ZS:2024,MNP,Northern Mariana Islands,SH.H2O.BASW.UR.ZS,2024,,missing
MNP:SH.H2O.SMDW.UR.ZS:2024,MNP,Northern Mariana Islands,SH.H2O.SMDW.UR.ZS,2024,,missing
MOZ:SH.H2O.BASW.UR.ZS:2024,MOZ,Mozambique,SH.H2O.BASW.UR.ZS,2024,89.3966538094612,country_urban_estimate
MOZ:SH.H2O.SMDW.UR.ZS:2024,MOZ,Mozambique,SH.H2O.SMDW.UR.ZS,2024,47.5379853344032,country_urban_estimate
MRT:SH.H2O.BASW.UR.ZS:2024,MRT,Mauritania,SH.H2O.BASW.UR.ZS,2024,90.4119216743153,country_urban_estimate
MRT:SH.H2O.SMDW.UR.ZS:2024,MRT,Mauritania,SH.H2O.SMDW.UR.ZS,2024,,missing
MUS:SH.H2O.BASW.UR.ZS:2024,MUS,Mauritius,SH.H2O.BASW.UR.ZS,2024,100,country_urban_estimate
MUS:SH.H2O.SMDW.UR.ZS:2024,MUS,Mauritius,SH.H2O.SMDW.UR.ZS,2024,,missing
MWI:SH.H2O.BASW.UR.ZS:2024,MWI,Malawi,SH.H2O.BASW.UR.ZS,2024,85.9872781259434,country_urban_estimate
MWI:SH.H2O.SMDW.UR.ZS:2024,MWI,Malawi,SH.H2O.SMDW.UR.ZS,2024,52.4074792943501,country_urban_estimate
MYS:SH.H2O.BASW.UR.ZS:2024,MYS,Malaysia,SH.H2O.BASW.UR.ZS,2024,98.6632628304387,country_urban_estimate
MYS:SH.H2O.SMDW.UR.ZS:2024,MYS,Malaysia,SH.H2O.SMDW.UR.ZS,2024,,missing
NAM:SH.H2O.BASW.UR.ZS:2024,NAM,Namibia,SH.H2O.BASW.UR.ZS,2024,96.1640861880036,country_urban_estimate
NAM:SH.H2O.SMDW.UR.ZS:2024,NAM,Namibia,SH.H2O.SMDW.UR.ZS,2024,,missing
NCL:SH.H2O.BASW.UR.ZS:2024,NCL,New Caledonia,SH.H2O.BASW.UR.ZS,2024,,missing
NCL:SH.H2O.SMDW.UR.ZS:2024,NCL,New Caledonia,SH.H2O.SMDW.UR.ZS,2024,,missing
NER:SH.H2O.BASW.UR.ZS:2024,NER,Niger,SH.H2O.BASW.UR.ZS,2024,87.2832762432073,country_urban_estimate
NER:SH.H2O.SMDW.UR.ZS:2024,NER,Niger,SH.H2O.SMDW.UR.ZS,2024,,missing
NGA:SH.H2O.BASW.UR.ZS:2024,NGA,Nigeria,SH.H2O.BASW.UR.ZS,2024,95.0773140798401,country_urban_estimate
NGA:SH.H2O.SMDW.UR.ZS:2024,NGA,Nigeria,SH.H2O.SMDW.UR.ZS,2024,36.045323375439,country_urban_estimate
NIC:SH.H2O.BASW.UR.ZS:2024,NIC,Nicaragua,SH.H2O.BASW.UR.ZS,2024,,missing
NIC:SH.H2O.SMDW.UR.ZS:2024,NIC,Nicaragua,SH.H2O.SMDW.UR.ZS,2024,,missing
NLD:SH.H2O.BASW.UR.ZS:2024,NLD,Netherlands,SH.H2O.BASW.UR.ZS,2024,100,country_urban_estimate
NLD:SH.H2O.SMDW.UR.ZS:2024,NLD,Netherlands,SH.H2O.SMDW.UR.ZS,2024,,missing
NOR:SH.H2O.BASW.UR.ZS:2024,NOR,Norway,SH.H2O.BASW.UR.ZS,2024,100,country_urban_estimate
NOR:SH.H2O.SMDW.UR.ZS:2024,NOR,Norway,SH.H2O.SMDW.UR.ZS,2024,,missing
NPL:SH.H2O.BASW.UR.ZS:2024,NPL,Nepal,SH.H2O.BASW.UR.ZS,2024,92.3207313141639,country_urban_estimate
NPL:SH.H2O.SMDW.UR.ZS:2024,NPL,Nepal,SH.H2O.SMDW.UR.ZS,2024,23.6161130598384,country_urban_estimate
NRU:SH.H2O.BASW.UR.ZS:2024,NRU,Naoero,SH.H2O.BASW.UR.ZS,2024,97.8429618988897,country_urban_estimate
NRU:SH.H2O.SMDW.UR.ZS:2024,NRU,Naoero,SH.H2O.SMDW.UR.ZS,2024,18.6631621110857,country_urban_estimate
NZL:SH.H2O.BASW.UR.ZS:2024,NZL,New Zealand,SH.H2O.BASW.UR.ZS,2024,100,country_urban_estimate
NZL:SH.H2O.SMDW.UR.ZS:2024,NZL,New Zealand,SH.H2O.SMDW.UR.ZS,2024,,missing
OMN:SH.H2O.BASW.UR.ZS:2024,OMN,Oman,SH.H2O.BASW.UR.ZS,2024,94.7,country_urban_estimate
OMN:SH.H2O.SMDW.UR.ZS:2024,OMN,Oman,SH.H2O.SMDW.UR.ZS,2024,,missing
PAK:SH.H2O.BASW.UR.ZS:2024,PAK,Pakistan,SH.H2O.BASW.UR.ZS,2024,92.9142427063474,country_urban_estimate
PAK:SH.H2O.SMDW.UR.ZS:2024,PAK,Pakistan,SH.H2O.SMDW.UR.ZS,2024,45.4346393800103,country_urban_estimate
PAN:SH.H2O.BASW.UR.ZS:2024,PAN,Panama,SH.H2O.BASW.UR.ZS,2024,98.484379,country_urban_estimate
PAN:SH.H2O.SMDW.UR.ZS:2024,PAN,Panama,SH.H2O.SMDW.UR.ZS,2024,,missing
PER:SH.H2O.BASW.UR.ZS:2024,PER,Peru,SH.H2O.BASW.UR.ZS,2024,97.8234063485407,country_urban_estimate
PER:SH.H2O.SMDW.UR.ZS:2024,PER,Peru,SH.H2O.SMDW.UR.ZS,2024,56.2388493599872,country_urban_estimate
PHL:SH.H2O.BASW.UR.ZS:2024,PHL,Philippines,SH.H2O.BASW.UR.ZS,2024,98.2567784772956,country_urban_estimate
PHL:SH.H2O.SMDW.UR.ZS:2024,PHL,Philippines,SH.H2O.SMDW.UR.ZS,2024,62.2169122298055,country_urban_estimate
PLW:SH.H2O.BASW.UR.ZS:2024,PLW,Palau,SH.H2O.BASW.UR.ZS,2024,99.6229401276663,country_urban_estimate
PLW:SH.H2O.SMDW.UR.ZS:2024,PLW,Palau,SH.H2O.SMDW.UR.ZS,2024,97.7042396852555,country_urban_estimate
PNG:SH.H2O.BASW.UR.ZS:2024,PNG,Papua New Guinea,SH.H2O.BASW.UR.ZS,2024,84.3573319382379,country_urban_estimate
PNG:SH.H2O.SMDW.UR.ZS:2024,PNG,Papua New Guinea,SH.H2O.SMDW.UR.ZS,2024,,missing
POL:SH.H2O.BASW.UR.ZS:2024,POL,Poland,SH.H2O.BASW.UR.ZS,2024,95.6407010618184,country_urban_estimate
POL:SH.H2O.SMDW.UR.ZS:2024,POL,Poland,SH.H2O.SMDW.UR.ZS,2024,,missing
PRI:SH.H2O.BASW.UR.ZS:2024,PRI,Puerto Rico (US),SH.H2O.BASW.UR.ZS,2024,,missing
PRI:SH.H2O.SMDW.UR.ZS:2024,PRI,Puerto Rico (US),SH.H2O.SMDW.UR.ZS,2024,,missing
PRK:SH.H2O.BASW.UR.ZS:2024,PRK,"Korea, Dem. People's Rep.",SH.H2O.BASW.UR.ZS,2024,,missing
PRK:SH.H2O.SMDW.UR.ZS:2024,PRK,"Korea, Dem. People's Rep.",SH.H2O.SMDW.UR.ZS,2024,,missing
PRT:SH.H2O.BASW.UR.ZS:2024,PRT,Portugal,SH.H2O.BASW.UR.ZS,2024,99.9833699261737,country_urban_estimate
PRT:SH.H2O.SMDW.UR.ZS:2024,PRT,Portugal,SH.H2O.SMDW.UR.ZS,2024,96.964346129149,country_urban_estimate
PRY:SH.H2O.BASW.UR.ZS:2024,PRY,Paraguay,SH.H2O.BASW.UR.ZS,2024,99.8867485356581,country_urban_estimate
PRY:SH.H2O.SMDW.UR.ZS:2024,PRY,Paraguay,SH.H2O.SMDW.UR.ZS,2024,72.2064769603427,country_urban_estimate
PSE:SH.H2O.BASW.UR.ZS:2024,PSE,West Bank and Gaza,SH.H2O.BASW.UR.ZS,2024,98.4227733333333,country_urban_estimate
PSE:SH.H2O.SMDW.UR.ZS:2024,PSE,West Bank and Gaza,SH.H2O.SMDW.UR.ZS,2024,81.85523,country_urban_estimate
PYF:SH.H2O.BASW.UR.ZS:2024,PYF,French Polynesia,SH.H2O.BASW.UR.ZS,2024,,missing
PYF:SH.H2O.SMDW.UR.ZS:2024,PYF,French Polynesia,SH.H2O.SMDW.UR.ZS,2024,,missing
QAT:SH.H2O.BASW.UR.ZS:2024,QAT,Qatar,SH.H2O.BASW.UR.ZS,2024,,missing
QAT:SH.H2O.SMDW.UR.ZS:2024,QAT,Qatar,SH.H2O.SMDW.UR.ZS,2024,,missing
ROU:SH.H2O.BASW.UR.ZS:2024,ROU,Romania,SH.H2O.BASW.UR.ZS,2024,100,country_urban_estimate
ROU:SH.H2O.SMDW.UR.ZS:2024,ROU,Romania,SH.H2O.SMDW.UR.ZS,2024,94.9535041959628,country_urban_estimate
RUS:SH.H2O.BASW.UR.ZS:2024,RUS,Russian Federation,SH.H2O.BASW.UR.ZS,2024,99.041069035533,country_urban_estimate
RUS:SH.H2O.SMDW.UR.ZS:2024,RUS,Russian Federation,SH.H2O.SMDW.UR.ZS,2024,,missing
RWA:SH.H2O.BASW.UR.ZS:2024,RWA,Rwanda,SH.H2O.BASW.UR.ZS,2024,87.8323867986294,country_urban_estimate
RWA:SH.H2O.SMDW.UR.ZS:2024,RWA,Rwanda,SH.H2O.SMDW.UR.ZS,2024,53.4264691861872,country_urban_estimate
SAU:SH.H2O.BASW.UR.ZS:2024,SAU,Saudi Arabia,SH.H2O.BASW.UR.ZS,2024,98.9349974490729,country_urban_estimate
SAU:SH.H2O.SMDW.UR.ZS:2024,SAU,Saudi Arabia,SH.H2O.SMDW.UR.ZS,2024,,missing
SDN:SH.H2O.BASW.UR.ZS:2024,SDN,Sudan,SH.H2O.BASW.UR.ZS,2024,73.9240456456018,country_urban_estimate
SDN:SH.H2O.SMDW.UR.ZS:2024,SDN,Sudan,SH.H2O.SMDW.UR.ZS,2024,,missing
SEN:SH.H2O.BASW.UR.ZS:2024,SEN,Senegal,SH.H2O.BASW.UR.ZS,2024,95.4451097734164,country_urban_estimate
SEN:SH.H2O.SMDW.UR.ZS:2024,SEN,Senegal,SH.H2O.SMDW.UR.ZS,2024,41.1256593215393,country_urban_estimate
SGP:SH.H2O.BASW.UR.ZS:2024,SGP,Singapore,SH.H2O.BASW.UR.ZS,2024,100,country_urban_estimate
SGP:SH.H2O.SMDW.UR.ZS:2024,SGP,Singapore,SH.H2O.SMDW.UR.ZS,2024,100,country_urban_estimate
SLB:SH.H2O.BASW.UR.ZS:2024,SLB,Solomon Islands,SH.H2O.BASW.UR.ZS,2024,91.259452131027,country_urban_estimate
SLB:SH.H2O.SMDW.UR.ZS:2024,SLB,Solomon Islands,SH.H2O.SMDW.UR.ZS,2024,,missing
SLE:SH.H2O.BASW.UR.ZS:2024,SLE,Sierra Leone,SH.H2O.BASW.UR.ZS,2024,81.7072911369416,country_urban_estimate
SLE:SH.H2O.SMDW.UR.ZS:2024,SLE,Sierra Leone,SH.H2O.SMDW.UR.ZS,2024,12.4968353681547,country_urban_estimate
SLV:SH.H2O.BASW.UR.ZS:2024,SLV,El Salvador,SH.H2O.BASW.UR.ZS,2024,95.1709376521583,country_urban_estimate
SLV:SH.H2O.SMDW.UR.ZS:2024,SLV,El Salvador,SH.H2O.SMDW.UR.ZS,2024,75.7065244300632,country_urban_estimate
SMR:SH.H2O.BASW.UR.ZS:2024,SMR,San Marino,SH.H2O.BASW.UR.ZS,2024,100,country_urban_estimate
SMR:SH.H2O.SMDW.UR.ZS:2024,SMR,San Marino,SH.H2O.SMDW.UR.ZS,2024,100,country_urban_estimate
SOM:SH.H2O.BASW.UR.ZS:2024,SOM,"Somalia, Fed. Rep.",SH.H2O.BASW.UR.ZS,2024,83.5652621293615,country_urban_estimate
SOM:SH.H2O.SMDW.UR.ZS:2024,SOM,"Somalia, Fed. Rep.",SH.H2O.SMDW.UR.ZS,2024,,missing
SRB:SH.H2O.BASW.UR.ZS:2024,SRB,Serbia,SH.H2O.BASW.UR.ZS,2024,95.4793895358925,country_urban_estimate
SRB:SH.H2O.SMDW.UR.ZS:2024,SRB,Serbia,SH.H2O.SMDW.UR.ZS,2024,81.6040160924844,country_urban_estimate
SSD:SH.H2O.BASW.UR.ZS:2024,SSD,South Sudan,SH.H2O.BASW.UR.ZS,2024,66.1388795848335,country_urban_estimate
SSD:SH.H2O.SMDW.UR.ZS:2024,SSD,South Sudan,SH.H2O.SMDW.UR.ZS,2024,,missing
STP:SH.H2O.BASW.UR.ZS:2024,STP,Sao Tome and Principe,SH.H2O.BASW.UR.ZS,2024,79.331418330953,country_urban_estimate
STP:SH.H2O.SMDW.UR.ZS:2024,STP,Sao Tome and Principe,SH.H2O.SMDW.UR.ZS,2024,40.2992102350763,country_urban_estimate
SUR:SH.H2O.BASW.UR.ZS:2024,SUR,Suriname,SH.H2O.BASW.UR.ZS,2024,98.7138538704763,country_urban_estimate
SUR:SH.H2O.SMDW.UR.ZS:2024,SUR,Suriname,SH.H2O.SMDW.UR.ZS,2024,63.4127012869624,country_urban_estimate
SVK:SH.H2O.BASW.UR.ZS:2024,SVK,Slovak Republic,SH.H2O.BASW.UR.ZS,2024,99.6050940626174,country_urban_estimate
SVK:SH.H2O.SMDW.UR.ZS:2024,SVK,Slovak Republic,SH.H2O.SMDW.UR.ZS,2024,,missing
SVN:SH.H2O.BASW.UR.ZS:2024,SVN,Slovenia,SH.H2O.BASW.UR.ZS,2024,,missing
SVN:SH.H2O.SMDW.UR.ZS:2024,SVN,Slovenia,SH.H2O.SMDW.UR.ZS,2024,,missing
SWE:SH.H2O.BASW.UR.ZS:2024,SWE,Sweden,SH.H2O.BASW.UR.ZS,2024,99.7866835669156,country_urban_estimate
SWE:SH.H2O.SMDW.UR.ZS:2024,SWE,Sweden,SH.H2O.SMDW.UR.ZS,2024,,missing
SWZ:SH.H2O.BASW.UR.ZS:2024,SWZ,Eswatini,SH.H2O.BASW.UR.ZS,2024,98.1427801601403,country_urban_estimate
SWZ:SH.H2O.SMDW.UR.ZS:2024,SWZ,Eswatini,SH.H2O.SMDW.UR.ZS,2024,76.8753689498783,country_urban_estimate
SXM:SH.H2O.BASW.UR.ZS:2024,SXM,Sint Maarten (Dutch part),SH.H2O.BASW.UR.ZS,2024,,missing
SXM:SH.H2O.SMDW.UR.ZS:2024,SXM,Sint Maarten (Dutch part),SH.H2O.SMDW.UR.ZS,2024,,missing
SYC:SH.H2O.BASW.UR.ZS:2024,SYC,Seychelles,SH.H2O.BASW.UR.ZS,2024,,missing
SYC:SH.H2O.SMDW.UR.ZS:2024,SYC,Seychelles,SH.H2O.SMDW.UR.ZS,2024,,missing
SYR:SH.H2O.BASW.UR.ZS:2024,SYR,Syrian Arab Republic,SH.H2O.BASW.UR.ZS,2024,95.6029194495924,country_urban_estimate
SYR:SH.H2O.SMDW.UR.ZS:2024,SYR,Syrian Arab Republic,SH.H2O.SMDW.UR.ZS,2024,,missing
TCA:SH.H2O.BASW.UR.ZS:2024,TCA,Turks and Caicos Islands,SH.H2O.BASW.UR.ZS,2024,99.24760522108,country_urban_estimate
TCA:SH.H2O.SMDW.UR.ZS:2024,TCA,Turks and Caicos Islands,SH.H2O.SMDW.UR.ZS,2024,46.542834789086,country_urban_estimate
TCD:SH.H2O.BASW.UR.ZS:2024,TCD,Chad,SH.H2O.BASW.UR.ZS,2024,77.8596065390402,country_urban_estimate
TCD:SH.H2O.SMDW.UR.ZS:2024,TCD,Chad,SH.H2O.SMDW.UR.ZS,2024,17.5865313217952,country_urban_estimate
TGO:SH.H2O.BASW.UR.ZS:2024,TGO,Togo,SH.H2O.BASW.UR.ZS,2024,73.6370200664598,country_urban_estimate
TGO:SH.H2O.SMDW.UR.ZS:2024,TGO,Togo,SH.H2O.SMDW.UR.ZS,2024,34.6099770428951,country_urban_estimate
THA:SH.H2O.BASW.UR.ZS:2024,THA,Thailand,SH.H2O.BASW.UR.ZS,2024,100,country_urban_estimate
THA:SH.H2O.SMDW.UR.ZS:2024,THA,Thailand,SH.H2O.SMDW.UR.ZS,2024,,missing
TJK:SH.H2O.BASW.UR.ZS:2024,TJK,Tajikistan,SH.H2O.BASW.UR.ZS,2024,94.8889265458966,country_urban_estimate
TJK:SH.H2O.SMDW.UR.ZS:2024,TJK,Tajikistan,SH.H2O.SMDW.UR.ZS,2024,,missing
TKM:SH.H2O.BASW.UR.ZS:2024,TKM,Turkmenistan,SH.H2O.BASW.UR.ZS,2024,99.856860523412,country_urban_estimate
TKM:SH.H2O.SMDW.UR.ZS:2024,TKM,Turkmenistan,SH.H2O.SMDW.UR.ZS,2024,96.9436834659657,country_urban_estimate
TLS:SH.H2O.BASW.UR.ZS:2024,TLS,Timor-Leste,SH.H2O.BASW.UR.ZS,2024,97.6643666229013,country_urban_estimate
TLS:SH.H2O.SMDW.UR.ZS:2024,TLS,Timor-Leste,SH.H2O.SMDW.UR.ZS,2024,,missing
TON:SH.H2O.BASW.UR.ZS:2024,TON,Tonga,SH.H2O.BASW.UR.ZS,2024,99.8120031360374,country_urban_estimate
TON:SH.H2O.SMDW.UR.ZS:2024,TON,Tonga,SH.H2O.SMDW.UR.ZS,2024,50.877108604187,country_urban_estimate
TTO:SH.H2O.BASW.UR.ZS:2024,TTO,Trinidad and Tobago,SH.H2O.BASW.UR.ZS,2024,99.4770802165643,country_urban_estimate
TTO:SH.H2O.SMDW.UR.ZS:2024,TTO,Trinidad and Tobago,SH.H2O.SMDW.UR.ZS,2024,73.0841221607588,country_urban_estimate
TUN:SH.H2O.BASW.UR.ZS:2024,TUN,Tunisia,SH.H2O.BASW.UR.ZS,2024,98.3128798811121,country_urban_estimate
TUN:SH.H2O.SMDW.UR.ZS:2024,TUN,Tunisia,SH.H2O.SMDW.UR.ZS,2024,67.8890329463971,country_urban_estimate
TUR:SH.H2O.BASW.UR.ZS:2024,TUR,Turkiye,SH.H2O.BASW.UR.ZS,2024,96.4076752976625,country_urban_estimate
TUR:SH.H2O.SMDW.UR.ZS:2024,TUR,Turkiye,SH.H2O.SMDW.UR.ZS,2024,,missing
TUV:SH.H2O.BASW.UR.ZS:2024,TUV,Tuvalu,SH.H2O.BASW.UR.ZS,2024,98.1706257827965,country_urban_estimate
TUV:SH.H2O.SMDW.UR.ZS:2024,TUV,Tuvalu,SH.H2O.SMDW.UR.ZS,2024,10.3774974626279,country_urban_estimate
TZA:SH.H2O.BASW.UR.ZS:2024,TZA,Tanzania,SH.H2O.BASW.UR.ZS,2024,86.2037008968076,country_urban_estimate
TZA:SH.H2O.SMDW.UR.ZS:2024,TZA,Tanzania,SH.H2O.SMDW.UR.ZS,2024,45.1746629026709,country_urban_estimate
UGA:SH.H2O.BASW.UR.ZS:2024,UGA,Uganda,SH.H2O.BASW.UR.ZS,2024,79.987087149147,country_urban_estimate
UGA:SH.H2O.SMDW.UR.ZS:2024,UGA,Uganda,SH.H2O.SMDW.UR.ZS,2024,39.9653109798118,country_urban_estimate
UKR:SH.H2O.BASW.UR.ZS:2024,UKR,Ukraine,SH.H2O.BASW.UR.ZS,2024,90.8468011938619,country_urban_estimate
UKR:SH.H2O.SMDW.UR.ZS:2024,UKR,Ukraine,SH.H2O.SMDW.UR.ZS,2024,88.2836293911222,country_urban_estimate
URY:SH.H2O.BASW.UR.ZS:2024,URY,Uruguay,SH.H2O.BASW.UR.ZS,2024,99.8201530121231,country_urban_estimate
URY:SH.H2O.SMDW.UR.ZS:2024,URY,Uruguay,SH.H2O.SMDW.UR.ZS,2024,94.5887445887446,country_urban_estimate
USA:SH.H2O.BASW.UR.ZS:2024,USA,United States,SH.H2O.BASW.UR.ZS,2024,99.9765845004589,country_urban_estimate
USA:SH.H2O.SMDW.UR.ZS:2024,USA,United States,SH.H2O.SMDW.UR.ZS,2024,97.6820213093883,country_urban_estimate
UZB:SH.H2O.BASW.UR.ZS:2024,UZB,Uzbekistan,SH.H2O.BASW.UR.ZS,2024,98.1211340943482,country_urban_estimate
UZB:SH.H2O.SMDW.UR.ZS:2024,UZB,Uzbekistan,SH.H2O.SMDW.UR.ZS,2024,88.9228769957793,country_urban_estimate
VCT:SH.H2O.BASW.UR.ZS:2024,VCT,St. Vincent and the Grenadines,SH.H2O.BASW.UR.ZS,2024,,missing
VCT:SH.H2O.SMDW.UR.ZS:2024,VCT,St. Vincent and the Grenadines,SH.H2O.SMDW.UR.ZS,2024,,missing
VEN:SH.H2O.BASW.UR.ZS:2024,VEN,"Venezuela, RB",SH.H2O.BASW.UR.ZS,2024,,missing
VEN:SH.H2O.SMDW.UR.ZS:2024,VEN,"Venezuela, RB",SH.H2O.SMDW.UR.ZS,2024,,missing
VGB:SH.H2O.BASW.UR.ZS:2024,VGB,British Virgin Islands,SH.H2O.BASW.UR.ZS,2024,,missing
VGB:SH.H2O.SMDW.UR.ZS:2024,VGB,British Virgin Islands,SH.H2O.SMDW.UR.ZS,2024,,missing
VIR:SH.H2O.BASW.UR.ZS:2024,VIR,Virgin Islands (U.S.),SH.H2O.BASW.UR.ZS,2024,,missing
VIR:SH.H2O.SMDW.UR.ZS:2024,VIR,Virgin Islands (U.S.),SH.H2O.SMDW.UR.ZS,2024,,missing
VNM:SH.H2O.BASW.UR.ZS:2024,VNM,Viet Nam,SH.H2O.BASW.UR.ZS,2024,99.1759832139475,country_urban_estimate
VNM:SH.H2O.SMDW.UR.ZS:2024,VNM,Viet Nam,SH.H2O.SMDW.UR.ZS,2024,75.8248789550437,country_urban_estimate
VUT:SH.H2O.BASW.UR.ZS:2024,VUT,Vanuatu,SH.H2O.BASW.UR.ZS,2024,97.2257855277702,country_urban_estimate
VUT:SH.H2O.SMDW.UR.ZS:2024,VUT,Vanuatu,SH.H2O.SMDW.UR.ZS,2024,38.2541788210086,country_urban_estimate
WSM:SH.H2O.BASW.UR.ZS:2024,WSM,Samoa,SH.H2O.BASW.UR.ZS,2024,100,country_urban_estimate
WSM:SH.H2O.SMDW.UR.ZS:2024,WSM,Samoa,SH.H2O.SMDW.UR.ZS,2024,91.95822,country_urban_estimate
XKX:SH.H2O.BASW.UR.ZS:2024,XKX,Kosovo,SH.H2O.BASW.UR.ZS,2024,,missing
XKX:SH.H2O.SMDW.UR.ZS:2024,XKX,Kosovo,SH.H2O.SMDW.UR.ZS,2024,,missing
YEM:SH.H2O.BASW.UR.ZS:2024,YEM,"Yemen, Rep.",SH.H2O.BASW.UR.ZS,2024,88.524426211738,country_urban_estimate
YEM:SH.H2O.SMDW.UR.ZS:2024,YEM,"Yemen, Rep.",SH.H2O.SMDW.UR.ZS,2024,,missing
ZAF:SH.H2O.BASW.UR.ZS:2024,ZAF,South Africa,SH.H2O.BASW.UR.ZS,2024,97.8202749646368,country_urban_estimate
ZAF:SH.H2O.SMDW.UR.ZS:2024,ZAF,South Africa,SH.H2O.SMDW.UR.ZS,2024,75.6181543952678,country_urban_estimate
ZMB:SH.H2O.BASW.UR.ZS:2024,ZMB,Zambia,SH.H2O.BASW.UR.ZS,2024,90.3327344404554,country_urban_estimate
ZMB:SH.H2O.SMDW.UR.ZS:2024,ZMB,Zambia,SH.H2O.SMDW.UR.ZS,2024,50.184701895581,country_urban_estimate
ZWE:SH.H2O.BASW.UR.ZS:2024,ZWE,Zimbabwe,SH.H2O.BASW.UR.ZS,2024,93.6642661277246,country_urban_estimate
ZWE:SH.H2O.SMDW.UR.ZS:2024,ZWE,Zimbabwe,SH.H2O.SMDW.UR.ZS,2024,55.4274101880079,country_urban_estimate
