nct_id,study_type,status,phases,conditions,last_update_posted,registry_results_section_present,listed_location_count,location_evidence_status,lon_relevance,fua_assignment
NCT00003956,INTERVENTIONAL,COMPLETED,PHASE1,"[""Lymphoma"", ""Unspecified Adult Solid Tumor, Protocol Specific""]",2013-04-04,False,1,listed_not_verified,not_adjudicated,not_assigned
NCT00005030,INTERVENTIONAL,WITHDRAWN,PHASE1,"[""Colorectal Cancer"", ""Metastatic Cancer""]",2018-11-14,False,0,not_listed_not_absent,not_adjudicated,not_assigned
NCT00006351,INTERVENTIONAL,COMPLETED,PHASE2,"[""Bladder Cancer"", ""Transitional Cell Cancer of the Renal Pelvis and Ureter"", ""Urethral Cancer""]",2012-09-24,False,1,listed_not_verified,not_adjudicated,not_assigned
NCT00015899,INTERVENTIONAL,COMPLETED,PHASE1,"[""Brain and Central Nervous System Tumors""]",2009-10-14,False,9,listed_not_verified,not_adjudicated,not_assigned
NCT00020774,INTERVENTIONAL,WITHDRAWN,PHASE2,"[""Liver Cancer""]",2020-07-31,False,0,not_listed_not_absent,not_adjudicated,not_assigned
NCT00038493,INTERVENTIONAL,COMPLETED,PHASE2,"[""Glioblastoma Multiforme""]",2018-10-29,False,1,listed_not_verified,not_adjudicated,not_assigned
NCT00038584,INTERVENTIONAL,COMPLETED,PHASE1,"[""Carcinoma, Squamous Cell"", ""Cancer of Head and Neck""]",2018-10-30,False,1,listed_not_verified,not_adjudicated,not_assigned
NCT00038597,INTERVENTIONAL,COMPLETED,PHASE2,"[""Myelogenous Leukemia, Chronic""]",2018-10-30,False,1,listed_not_verified,not_adjudicated,not_assigned
NCT00047502,INTERVENTIONAL,COMPLETED,PHASE1,"[""Chronic Myelogenous Leukemia""]",2018-11-07,False,1,listed_not_verified,not_adjudicated,not_assigned
NCT00050336,INTERVENTIONAL,TERMINATED,PHASE3,"[""Carcinoma, Non-small-cell Lung"", ""Metastases, Neoplasm""]",2015-08-27,False,0,not_listed_not_absent,not_adjudicated,not_assigned
NCT00068757,INTERVENTIONAL,COMPLETED,PHASE1,"[""Breast Cancer""]",2012-09-12,False,3,listed_not_verified,not_adjudicated,not_assigned
NCT00073450,INTERVENTIONAL,TERMINATED,PHASE2,"[""Carcinoma, Squamous Cell"", ""Head and Neck Neoplasms""]",2015-04-21,False,0,not_listed_not_absent,not_adjudicated,not_assigned
NCT00081510,INTERVENTIONAL,COMPLETED,PHASE2,"[""Breast Cancer""]",2015-04-15,False,0,not_listed_not_absent,not_adjudicated,not_assigned
NCT00083096,INTERVENTIONAL,UNKNOWN,PHASE1,"[""Brain and Central Nervous System Tumors""]",2015-02-10,False,3,listed_not_verified,not_adjudicated,not_assigned
NCT00102635,INTERVENTIONAL,TERMINATED,PHASE1,"[""Head and Neck Cancer""]",2018-11-15,False,1,listed_not_verified,not_adjudicated,not_assigned
NCT00102648,INTERVENTIONAL,ACTIVE_NOT_RECRUITING,PHASE1,"[""Malignant Supratentorial Neoplasm"", ""Recurrent Glioblastoma"", ""Recurrent Gliosarcoma""]",2024-10-17,False,1,listed_not_verified,not_adjudicated,not_assigned
NCT00109538,INTERVENTIONAL,TERMINATED,PHASE3,"[""Myelodysplastic Syndromes"", ""Leukemia, Myelomonocytic, Chronic"", ""Myelodysplasia"", ""Myelomonocytic""]",2015-05-01,False,0,not_listed_not_absent,not_adjudicated,not_assigned
NCT00281515,INTERVENTIONAL,COMPLETED,PHASE2,"[""Epithelial Ovarian Cancer""]",2012-06-29,False,23,listed_not_verified,not_adjudicated,not_assigned
NCT00288444,INTERVENTIONAL,TERMINATED,PHASE1,"[""Lung Cancer"", ""Soft Tissue Sarcoma"", ""Colorectal Carcinoma"", ""Breast Cancer"", ""Prostate Cancer""]",2012-12-18,False,1,listed_not_verified,not_adjudicated,not_assigned
NCT00425607,INTERVENTIONAL,COMPLETED,PHASE2,"[""Progeria"", ""Hutchinson-Gilford Syndrome""]",2019-06-25,True,1,listed_not_verified,not_adjudicated,not_assigned
NCT00539968,INTERVENTIONAL,TERMINATED,PHASE1|PHASE2,"[""Prostate Cancer"", ""Breast Cancer"", ""Ovarian Cancer"", ""Lung Cancer"", ""Gastric Cancer""]",2015-02-05,False,0,not_listed_not_absent,not_adjudicated,not_assigned
NCT00612651,INTERVENTIONAL,COMPLETED,PHASE1,"[""Gliosarcoma"", ""Glioblastoma"", ""Anaplastic Astrocytoma""]",2013-02-20,False,1,listed_not_verified,not_adjudicated,not_assigned
NCT00773474,INTERVENTIONAL,TERMINATED,PHASE2,"[""Metastatic Breast Cancer""]",2016-02-18,True,6,listed_not_verified,not_adjudicated,not_assigned
NCT00879034,INTERVENTIONAL,COMPLETED,PHASE2,"[""Progeria"", ""Hutchinson-Gilford Syndrome""]",2019-06-13,True,1,listed_not_verified,not_adjudicated,not_assigned
NCT00916747,INTERVENTIONAL,UNKNOWN,PHASE2,"[""Progeria""]",2023-02-27,False,1,listed_not_verified,not_adjudicated,not_assigned
NCT01232881,OBSERVATIONAL,TERMINATED,,"[""Breast Cancer""]",2011-04-28,False,1,listed_not_verified,not_adjudicated,not_assigned
NCT01495585,INTERVENTIONAL,COMPLETED,PHASE2,"[""Hepatitis D""]",2016-08-31,True,1,listed_not_verified,not_adjudicated,not_assigned
NCT02430181,INTERVENTIONAL,COMPLETED,PHASE2,"[""Chronic Hepatitis D Infection""]",2026-09-25,True,1,listed_not_verified,not_adjudicated,not_assigned
NCT02430194,INTERVENTIONAL,COMPLETED,PHASE2,"[""Chronic Hepatitis D Infection""]",2026-09-25,True,1,listed_not_verified,not_adjudicated,not_assigned
NCT02511431,INTERVENTIONAL,COMPLETED,PHASE2,"[""Hepatitis D""]",2018-09-25,True,1,listed_not_verified,not_adjudicated,not_assigned
NCT02527707,INTERVENTIONAL,COMPLETED,PHASE2,"[""Chronic Delta Hepatitis""]",2026-09-25,True,0,not_listed_not_absent,not_adjudicated,not_assigned
NCT02579044,INTERVENTIONAL,ENROLLING_BY_INVITATION,PHASE1|PHASE2,"[""Progeria""]",2026-04-02,False,1,listed_not_verified,not_adjudicated,not_assigned
NCT02968641,INTERVENTIONAL,WITHDRAWN,PHASE2,"[""Chronic Delta Hepatitis""]",2021-02-16,False,0,not_listed_not_absent,not_adjudicated,not_assigned
NCT03600714,INTERVENTIONAL,COMPLETED,PHASE2,"[""Liver Disease"", ""Hepatitis D""]",2021-12-14,True,1,listed_not_verified,not_adjudicated,not_assigned
NCT03719313,INTERVENTIONAL,COMPLETED,PHASE3,"[""Hepatitis Delta Virus""]",2023-04-14,False,116,listed_not_verified,not_adjudicated,not_assigned
NCT03895528,EXPANDED_ACCESS,APPROVED_FOR_MARKETING,,"[""Progeria"", ""HGPS""]",2021-04-15,False,0,not_listed_not_absent,not_adjudicated,not_assigned
NCT05229991,INTERVENTIONAL,COMPLETED,PHASE3,"[""Hepatitis D, Chronic""]",2026-04-30,False,3,listed_not_verified,not_adjudicated,not_assigned
NCT05953545,INTERVENTIONAL,WITHDRAWN,PHASE2,"[""Chronic Hepatitis Delta""]",2024-05-23,False,1,listed_not_verified,not_adjudicated,not_assigned
NCT06775041,INTERVENTIONAL,COMPLETED,PHASE2,"[""Hutchinson-Gilford Progeria Syndrome""]",2026-10-02,False,1,listed_not_verified,not_adjudicated,not_assigned
