nct_id,location_index,facility,city,country,role
NCT00003956,1,Memorial Sloan-Kettering Cancer Center,New York,United States,registry_listed_location_not_resident_access
NCT00006351,1,University Medical Center Nijmegen,Nijmegen,Netherlands,registry_listed_location_not_resident_access
NCT00015899,1,UCSF Comprehensive Cancer Center,San Francisco,United States,registry_listed_location_not_resident_access
NCT00015899,2,Children's National Medical Center,Washington D.C.,United States,registry_listed_location_not_resident_access
NCT00015899,3,Dana-Farber/Harvard Cancer Center at Dana Farber Cancer Institute,Boston,United States,registry_listed_location_not_resident_access
NCT00015899,4,Duke Comprehensive Cancer Center,Durham,United States,registry_listed_location_not_resident_access
NCT00015899,5,Children's Hospital of Philadelphia,Philadelphia,United States,registry_listed_location_not_resident_access
NCT00015899,6,Children's Hospital of Pittsburgh,Pittsburgh,United States,registry_listed_location_not_resident_access
NCT00015899,7,St. Jude Children's Research Hospital,Memphis,United States,registry_listed_location_not_resident_access
NCT00015899,8,Texas Children's Cancer Center,Houston,United States,registry_listed_location_not_resident_access
NCT00015899,9,Children's Hospital and Regional Medical Center - Seattle,Seattle,United States,registry_listed_location_not_resident_access
NCT00038493,1,UTMD Anderson Cancer Center,Houston,United States,registry_listed_location_not_resident_access
NCT00038584,1,The University of Texas M. D. Anderson Cancer Center,Houston,United States,registry_listed_location_not_resident_access
NCT00038597,1,MDAnderson Cancer Center,Houston,United States,registry_listed_location_not_resident_access
NCT00047502,1,M.D. Anderson Cancer Center,Houston,United States,registry_listed_location_not_resident_access
NCT00068757,1,Institut Jules Bordet,Brussels,Belgium,registry_listed_location_not_resident_access
NCT00068757,2,Institut Curie Hopital,Paris,France,registry_listed_location_not_resident_access
NCT00068757,3,Netherlands Cancer Institute - Antoni van Leeuwenhoek Hospital,Amsterdam,Netherlands,registry_listed_location_not_resident_access
NCT00083096,1,Centre de Lutte Contre le Cancer Georges-Francois Leclerc,Dijon,France,registry_listed_location_not_resident_access
NCT00083096,2,Centre Regional Rene Gauducheau,Nantes-Saint Herblain,France,registry_listed_location_not_resident_access
NCT00083096,3,Centre Hospitalier Universitaire Vaudois,Lausanne,Switzerland,registry_listed_location_not_resident_access
NCT00102635,1,UT MD Anderson Cancer Center,Houston,United States,registry_listed_location_not_resident_access
NCT00102648,1,M D Anderson Cancer Center,Houston,United States,registry_listed_location_not_resident_access
NCT00281515,1,"Charité - Universitätsmedizin Berlin, Campus Virchow-Klinikum, Klinik für Frauenheilkunde",Berlin,Germany,registry_listed_location_not_resident_access
NCT00281515,2,"Klinikum Bremen Mitte, Frauenklinik",Bremen,Germany,registry_listed_location_not_resident_access
NCT00281515,3,"Carl-Gustav-Carus der TU Dresden, Universitäts-Frauenklinik",Dresden,Germany,registry_listed_location_not_resident_access
NCT00281515,4,"Ev. Krankenhaus, Frauenklinik",Düsseldorf,Germany,registry_listed_location_not_resident_access
NCT00281515,5,Klinik für Frauenheilkunde der Univ. Erlangen,Erlangen,Germany,registry_listed_location_not_resident_access
NCT00281515,6,Universitätsfrauenklinik,Essen,Germany,registry_listed_location_not_resident_access
NCT00281515,7,"Klinikum der Johann Wolfgang Goethe Universität, Klinik für Frauenheilkunde u. Geburtshilfe",Frankfurt,Germany,registry_listed_location_not_resident_access
NCT00281515,8,"Universitätsklinikum Freiburg, Frauenklinik",Freiburg im Breisgau,Germany,registry_listed_location_not_resident_access
NCT00281515,9,"Kreiskrankenhaus, Frauenklinik",Gifhorn,Germany,registry_listed_location_not_resident_access
NCT00281515,10,Klinik u. Poliklinik für Gynäkologie und Geburtshilfe,Greifswald,Germany,registry_listed_location_not_resident_access
NCT00281515,11,Medizinische Hochschule,Hanover,Germany,registry_listed_location_not_resident_access
NCT00281515,12,St. Vincentius-Krankenhäuser,Karlsruhe,Germany,registry_listed_location_not_resident_access
NCT00281515,13,"Universitätsklinikum Schleswig-Holstein, Campus Kiel, Klinik für Gynäkologie und Geburtshilfe",Kiel,Germany,registry_listed_location_not_resident_access
NCT00281515,14,"Klinik der Otto-von-Guericke Universität, Frauenklinik",Magdeburg,Germany,registry_listed_location_not_resident_access
NCT00281515,15,"Johannes-Gutenberg-Universität, Universitäts-Frauenklinik",Mainz,Germany,registry_listed_location_not_resident_access
NCT00281515,16,"Klinikum der Philipps-Universität Marburg, Klinik für Gynäkologie, Gynäkologische Endokrinologie",Marburg,Germany,registry_listed_location_not_resident_access
NCT00281515,17,"Klinikum Großhadern, Frauenklinik",München,Germany,registry_listed_location_not_resident_access
NCT00281515,18,Klinikum rechts der Isar der TU München,München,Germany,registry_listed_location_not_resident_access
NCT00281515,19,"Elblandkliniken, Frauenklinik",Radebeul,Germany,registry_listed_location_not_resident_access
NCT00281515,20,Klinikum Südstadt,Rostock,Germany,registry_listed_location_not_resident_access
NCT00281515,21,Universitäts-Frauenklinik,Tübingen,Germany,registry_listed_location_not_resident_access
NCT00281515,22,Universitätsfrauenklinik,Ulm,Germany,registry_listed_location_not_resident_access
NCT00281515,23,"Dr. Horst Schmidt Klinik, Gynäkologie u. Gynäkologische Onkologie",Wiesbaden,Germany,registry_listed_location_not_resident_access
NCT00288444,1,Emory University Winship Cancer Institute,Atlanta,United States,registry_listed_location_not_resident_access
NCT00425607,1,Children's Hospital Boston,Boston,United States,registry_listed_location_not_resident_access
NCT00612651,1,Duke University Health System,Durham,United States,registry_listed_location_not_resident_access
NCT00773474,1,"Medical & Surgical Specialists, LLC",Galesburg,United States,registry_listed_location_not_resident_access
NCT00773474,2,Cancer Care Center of Southern Indiana,Bloomington,United States,registry_listed_location_not_resident_access
NCT00773474,3,Indiana University Melvin and Bren Simon Cancer Center,Indianapolis,United States,registry_listed_location_not_resident_access
NCT00773474,4,Arnett Cancer Care,Lafayette,United States,registry_listed_location_not_resident_access
NCT00773474,5,Horizon Oncology Center,Lafayette,United States,registry_listed_location_not_resident_access
NCT00773474,6,Ireland Cancer Center - University Hospitals of Cleveland,Cleveland,United States,registry_listed_location_not_resident_access
NCT00879034,1,Children's Hospital Boston,Boston,United States,registry_listed_location_not_resident_access
NCT00916747,1,Children's Hospital Boston,Boston,United States,registry_listed_location_not_resident_access
NCT01232881,1,Indiana University Melvin and Bren Simon Cancer Center,Indianapolis,United States,registry_listed_location_not_resident_access
NCT01495585,1,"National Institutes of Health Clinical Center, 9000 Rockville Pike",Bethesda,United States,registry_listed_location_not_resident_access
NCT02430181,1,Ankara University Medical School,Ankara,Turkey (Türkiye),registry_listed_location_not_resident_access
NCT02430194,1,Ankara University Medical School,Ankara,Turkey (Türkiye),registry_listed_location_not_resident_access
NCT02511431,1,"National Institutes of Health Clinical Center, 9000 Rockville Pike",Bethesda,United States,registry_listed_location_not_resident_access
NCT02579044,1,Boston Children's Hospital,Boston,United States,registry_listed_location_not_resident_access
NCT03600714,1,National Institutes of Health Clinical Center,Bethesda,United States,registry_listed_location_not_resident_access
NCT03719313,1,UCSF Fresno,Fresno,United States,registry_listed_location_not_resident_access
NCT03719313,2,Ruane Clinical Research Group Inc.,Los Angeles,United States,registry_listed_location_not_resident_access
NCT03719313,3,Asia Pacific Liver Center,Los Angeles,United States,registry_listed_location_not_resident_access
NCT03719313,4,Stanford University,Palo Alto,United States,registry_listed_location_not_resident_access
NCT03719313,5,University of California Davis Health System,Sacramento,United States,registry_listed_location_not_resident_access
NCT03719313,6,Kaiser Permanente Medical Center Sacramento,Sacramento,United States,registry_listed_location_not_resident_access
NCT03719313,7,Yale University Medical Center,New Haven,United States,registry_listed_location_not_resident_access
NCT03719313,8,University of Miami Schiff Center for Liver Disease,Miami,United States,registry_listed_location_not_resident_access
NCT03719313,9,Rush University Medical Center,Chicago,United States,registry_listed_location_not_resident_access
NCT03719313,10,University of Iowa Hospitals & Clinics,Iowa City,United States,registry_listed_location_not_resident_access
NCT03719313,11,National Institutes of Health,Bethesda,United States,registry_listed_location_not_resident_access
NCT03719313,12,Henry Ford Health System,Detroit,United States,registry_listed_location_not_resident_access
NCT03719313,13,Mt. Sinai Hospital,New York,United States,registry_listed_location_not_resident_access
NCT03719313,14,NYU Langone Medical Center,New York,United States,registry_listed_location_not_resident_access
NCT03719313,15,University of Rochester Medical Center,Rochester,United States,registry_listed_location_not_resident_access
NCT03719313,16,Central Sooner Research,Norman,United States,registry_listed_location_not_resident_access
NCT03719313,17,University of Texas Southwestern Medical Center,Dallas,United States,registry_listed_location_not_resident_access
NCT03719313,18,Baylor St. Luke's Medical Center,Houston,United States,registry_listed_location_not_resident_access
NCT03719313,19,ZNA Stuivenberg,Antwerp,Belgium,registry_listed_location_not_resident_access
NCT03719313,20,C.H.U. Brugmann,Brussels,Belgium,registry_listed_location_not_resident_access
NCT03719313,21,Cliniques Universitaires de Bruxelles Hopital Erasme,Brussels,Belgium,registry_listed_location_not_resident_access
NCT03719313,22,Universitair Ziekenhuis Antwerpen,Edegem,Belgium,registry_listed_location_not_resident_access
NCT03719313,23,CHU Sart Tilman,Liège,Belgium,registry_listed_location_not_resident_access
NCT03719313,24,Acibadem City Clinic Tokuda Hospital Ead,Sofia,Bulgaria,registry_listed_location_not_resident_access
NCT03719313,25,"UMHAT ""Alexandrovska"" EAD",Sofia,Bulgaria,registry_listed_location_not_resident_access
NCT03719313,26,"UMHAT ""Sv. Ivan Rilski"", EAD",Sofia,Bulgaria,registry_listed_location_not_resident_access
NCT03719313,27,"Medical Center ""Nov Rehabilitatsionen Tsentar"", EOOD",Stara Zagora,Bulgaria,registry_listed_location_not_resident_access
NCT03719313,28,University of Calgary,Calgary,Canada,registry_listed_location_not_resident_access
NCT03719313,29,University Health Network,Toronto,Canada,registry_listed_location_not_resident_access
NCT03719313,30,Toronto Liver Centre,Toronto,Canada,registry_listed_location_not_resident_access
NCT03719313,31,McGill University Health Centre/Glen Site / Royal Victoria Hospital,Montreal,Canada,registry_listed_location_not_resident_access
NCT03719313,32,CHU Nice - Hôpital de l'Archet 2,Nice,France,registry_listed_location_not_resident_access
NCT03719313,33,CHU Strasbourg - Hôpital Hautepierre,Strasbourg,France,registry_listed_location_not_resident_access
NCT03719313,34,CHU Bordeaux - Hôpital Haut-Lévêque,Pessac,France,registry_listed_location_not_resident_access
NCT03719313,35,Hôpital Beaujon,Clichy,France,registry_listed_location_not_resident_access
NCT03719313,36,CHU de Grenoble - Hôpital Nord,La Tronche,France,registry_listed_location_not_resident_access
NCT03719313,37,Centre Hospitalier de la Croix Rousse,Lyon,France,registry_listed_location_not_resident_access
NCT03719313,38,Hôpital Jean Verdier,Bondy,France,registry_listed_location_not_resident_access
NCT03719313,39,Hôpital Paul Brousse,Villejuif,France,registry_listed_location_not_resident_access
NCT03719313,40,Universitaetsklinikum Freiburg,Freiburg im Breisgau,Germany,registry_listed_location_not_resident_access
NCT03719313,41,Universitaetsklinikum Tuebingen,Tübingen,Germany,registry_listed_location_not_resident_access
NCT03719313,42,Goethe Universität Frankfurt Am Main,Frankfurt am Main,Germany,registry_listed_location_not_resident_access
NCT03719313,43,Medizinische Hochschule Hannover,Hanover,Germany,registry_listed_location_not_resident_access
NCT03719313,44,Universitaetsklinikum Essen,Essen,Germany,registry_listed_location_not_resident_access
NCT03719313,45,Zentrum für Infektiologie Berlin Prenzlauer Berg GmbH,Berlin,Germany,registry_listed_location_not_resident_access
NCT03719313,46,Charite - Campus Virchow-Klinikum,Berlin,Germany,registry_listed_location_not_resident_access
NCT03719313,47,Universitaetsklinikum Hamburg-Eppendorf,Hamburg,Germany,registry_listed_location_not_resident_access
NCT03719313,48,General Hospital of Athens Laiko,Athens,Greece,registry_listed_location_not_resident_access
NCT03719313,49,HaEmek Medical Center,Afula,Israel,registry_listed_location_not_resident_access
NCT03719313,50,Soroka University Medical Center,Beersheba,Israel,registry_listed_location_not_resident_access
NCT03719313,51,Rambam Health Care Center,Haifa,Israel,registry_listed_location_not_resident_access
NCT03719313,52,The Lady Davis Carmel Medical Center,Haifa,Israel,registry_listed_location_not_resident_access
NCT03719313,53,Shaare Zedek Medical Center,Jerusalem,Israel,registry_listed_location_not_resident_access
NCT03719313,54,Hadassah University Hospital - Ein Kerem,Jerusalem,Israel,registry_listed_location_not_resident_access
NCT03719313,55,Galilee Medical Center,Nahariya,Israel,registry_listed_location_not_resident_access
NCT03719313,56,Chaim Sheba Medical Center,Ramat Gan,Israel,registry_listed_location_not_resident_access
NCT03719313,57,IRCCS Ospedale Casa Sollievo della Sofferenza,San Giovanni Rotondo,Italy,registry_listed_location_not_resident_access
NCT03719313,58,Istituto Clinico Humanitas,Rozzano,Italy,registry_listed_location_not_resident_access
NCT03719313,59,Azienda Socio Sanitaria Territoriale degli Spedali Civili di Brescia (Presidio Spedali Civili),Brescia,Italy,registry_listed_location_not_resident_access
NCT03719313,60,Azienda Ospedaliero Universitaria Ospedali Riuniti di Foggia,Foggia,Italy,registry_listed_location_not_resident_access
NCT03719313,61,Azienda Ospedaliera Universitaria Policlinico G. Martino,Messina,Italy,registry_listed_location_not_resident_access
NCT03719313,62,Fondazione IRCCS CA' Granda Ospedale Maggiore Policlinico,Milan,Italy,registry_listed_location_not_resident_access
NCT03719313,63,Azienda Socio Sanitaria Territoriale Niguarda (Grande Ospedale Metropolitano Niguarda),Milan,Italy,registry_listed_location_not_resident_access
NCT03719313,64,Universita di Modena e Reggio Emilia. Nuovo Ospedale civil,Modena,Italy,registry_listed_location_not_resident_access
NCT03719313,65,"Azienda Ospedaliera Universitaria ""Federico II""",Naples,Italy,registry_listed_location_not_resident_access
NCT03719313,66,Azienda Ospedaliero Universitaria di Parma,Parma,Italy,registry_listed_location_not_resident_access
NCT03719313,67,Azienda Ospedaliero Universitaria Pisana,Pisa,Italy,registry_listed_location_not_resident_access
NCT03719313,68,Azienda Ospedaliera Universitaria Policlinico Tor Vergata,Roma,Italy,registry_listed_location_not_resident_access
NCT03719313,69,Azienda Ospedaliera Città della Salute e della Scienza di Torino,Torino,Italy,registry_listed_location_not_resident_access
NCT03719313,70,"ISMP Spitalul Clinic Republican ""Timofei Mosneaga""",Chisinau,Moldova,registry_listed_location_not_resident_access
NCT03719313,71,Rtl Sm Srl,Chisinau,Moldova,registry_listed_location_not_resident_access
NCT03719313,72,The Liver Center,Ulaanbaatar,Mongolia,registry_listed_location_not_resident_access
NCT03719313,73,Auckland City Hospital,Grafton,New Zealand,registry_listed_location_not_resident_access
NCT03719313,74,The Aga Khan University,Karachi,Pakistan,registry_listed_location_not_resident_access
NCT03719313,75,S.C MedLife S.A,Bucharest,Romania,registry_listed_location_not_resident_access
NCT03719313,76,"Spitalul Universitar de Urgenta Militar Central ""Dr. Carol Davila""",Bucharest,Romania,registry_listed_location_not_resident_access
NCT03719313,77,"Institutul National de Boli Infectioase ""Prof. Dr. Matei Bals""",Bucharest,Romania,registry_listed_location_not_resident_access
NCT03719313,78,Institutul Clinic Fundeni,Bucharest,Romania,registry_listed_location_not_resident_access
NCT03719313,79,"Fundatia ""Dr. Victor Babes""",Bucharest,Romania,registry_listed_location_not_resident_access
NCT03719313,80,Spitalul Clinic Judetean de Urgenta Cluj Napoca,Cluj-Napoca,Romania,registry_listed_location_not_resident_access
NCT03719313,81,"Clinic of the Ministry of health of the South Ural state medical UNIVERSITY Russia, 2 infectious diseases Department.",Chelyabinsk,Russia,registry_listed_location_not_resident_access
NCT03719313,82,Krasnodar specialized clinical infectious diseases hospital,Krasnodar,Russia,registry_listed_location_not_resident_access
NCT03719313,83,"Modern Medicine Clinic, LLC",Moscow,Russia,registry_listed_location_not_resident_access
NCT03719313,84,"H-Clinic, LLC",Moscow,Russia,registry_listed_location_not_resident_access
NCT03719313,85,National medical research center Phthisiopulmonology and infectious diseases of the Ministry of health of the Russian Federation,Moscow,Russia,registry_listed_location_not_resident_access
NCT03719313,86,"Healthy Family, LLC",Novosibirsk,Russia,registry_listed_location_not_resident_access
NCT03719313,87,"Clinica UZI 4D, LLC",Pyatigorsk,Russia,registry_listed_location_not_resident_access
NCT03719313,88,"Medical University ""Reaviz""",Samara,Russia,registry_listed_location_not_resident_access
NCT03719313,89,"Hepatolog, LLC",Samara,Russia,registry_listed_location_not_resident_access
NCT03719313,90,"State Budgetary Educational Institution of Higher Profesional Education ""Stavropol State Medical University"" of MoH",Stavropol,Russia,registry_listed_location_not_resident_access
NCT03719313,91,"Office for treatment of patients with viral hepatitis GBU Sakha (Yakutia) ""Yakut Republican clinical hospital""",Yakutsk,Russia,registry_listed_location_not_resident_access
NCT03719313,92,Hospital Universitari Vall d'Hebron,Barcelona,Spain,registry_listed_location_not_resident_access
NCT03719313,93,Hospital Universitario La Paz,Madrid,Spain,registry_listed_location_not_resident_access
NCT03719313,94,Hospital Universitari i Politecnic La Fe,Valencia,Spain,registry_listed_location_not_resident_access
NCT03719313,95,Falu Lasarett,Falun,Sweden,registry_listed_location_not_resident_access
NCT03719313,96,Karolinska Universitetssjukhuset Huddinge,Huddinge,Sweden,registry_listed_location_not_resident_access
NCT03719313,97,Skånes Universitetssjukhus,Malmö,Sweden,registry_listed_location_not_resident_access
NCT03719313,98,"Inselspital Bern, Hepatologie, Bauchzentrum, INO- A, Ms. Kathrin Husi",Bern,Switzerland,registry_listed_location_not_resident_access
NCT03719313,99,Changhua Christian Hospital,Changhua,Taiwan,registry_listed_location_not_resident_access
NCT03719313,100,Chia-Yi Christian Hospital,Chia-Yi City,Taiwan,registry_listed_location_not_resident_access
NCT03719313,101,Kaohsiung Medical University Chung-Ho Memorial Hospital,Kaohsiung City,Taiwan,registry_listed_location_not_resident_access
NCT03719313,102,Kaohsiung Chang Gung Memorial Hospital,Kaohsiung City,Taiwan,registry_listed_location_not_resident_access
NCT03719313,103,Taipei Veterans General Hospital,Taipei,Taiwan,registry_listed_location_not_resident_access
NCT03719313,104,"Chang Gung Memorial Hospital, Linkou",Taoyuan County,Taiwan,registry_listed_location_not_resident_access
NCT03719313,105,"Dicle University, Medical Faculty",Diyarbakır,Turkey (Türkiye),registry_listed_location_not_resident_access
NCT03719313,106,Koc University Hospital,Istanbul,Turkey (Türkiye),registry_listed_location_not_resident_access
NCT03719313,107,Ege University Medical Faculty,Izmir,Turkey (Türkiye),registry_listed_location_not_resident_access
NCT03719313,108,"Hospital of the state institution ""National Institute of Therapy named after L.T. Maloi of the National Academy of Medical Sciences of Ukraine""",Kharkiv,Ukraine,registry_listed_location_not_resident_access
NCT03719313,109,"Medical Center ""Harmony of Beauty"", LLC",Kyiv,Ukraine,registry_listed_location_not_resident_access
NCT03719313,110,Medical Center 'Ok!Clinic+' of International Institute of Clinical Research LLC,Kyiv,Ukraine,registry_listed_location_not_resident_access
NCT03719313,111,"Medical Center ""Preventclinic"", LLC",Kyiv,Ukraine,registry_listed_location_not_resident_access
NCT03719313,112,"Municipal Enterprise ""Poltava Regional Clinical Infectious Hospital of Poltava Regional Council""",Poltava,Ukraine,registry_listed_location_not_resident_access
NCT03719313,113,University Hospital of Sumy State University,Sumy,Ukraine,registry_listed_location_not_resident_access
NCT03719313,114,"Municipal non-profit enterprise "" Vinnytsia city clinical hospital No. 1""",Vinnytsia,Ukraine,registry_listed_location_not_resident_access
NCT03719313,115,Royal London Hospital,London,United Kingdom,registry_listed_location_not_resident_access
NCT03719313,116,Gartnavel General Hospital,Glasgow,United Kingdom,registry_listed_location_not_resident_access
NCT05229991,1,Soroka UMC,Beersheba,Israel,registry_listed_location_not_resident_access
NCT05229991,2,"New Zealand Liver Transplant Unit, Auckland City Hospital",Auckland,New Zealand,registry_listed_location_not_resident_access
NCT05229991,3,"Department of Gastroenterology and Hepatology, Koç University Medical School, Istanbul, Turkey",Istanbul,Turkey (Türkiye),registry_listed_location_not_resident_access
NCT05953545,1,National Institutes of Health Clinical Center,Bethesda,United States,registry_listed_location_not_resident_access
NCT06775041,1,Boston Children's Hospital,Boston,United States,registry_listed_location_not_resident_access
